Date,Home Team,Home Score,Away Team,Away Score
2016-08-13,Pleasant Hill,3,Kearney,8
2016-08-13,Kearney,4,Oak Park,5
2016-08-16,Smithville,4,Kearney,9
2016-08-16,Kearney,7,Lee's Summit North,6
2016-08-17,Kearney,0,Belton,2
2016-08-19,Dora,11,Alton,1
2016-08-19,Fatima,2,Battle,3
2016-08-19,Metro,26,Bayless,25
2016-08-19,St. Pius X (Festus),6,Bishop DuBourg,7
2016-08-19,Willard,14,Bolivar,1
2016-08-19,St. Joseph's Academy,0,Bowling Green,17
2016-08-19,Winfield,2,Bowling Green,17
2016-08-19,Eldon,2,Camdenton,9
2016-08-19,Webb City,2,Camdenton,18
2016-08-19,Riverview Gardens,26,Cleveland NJROTC,15
2016-08-19,Hartville,4,Dadeville,3
2016-08-19,Van-Far,0,Eldon,16
2016-08-19,Lafayette (Wildwood),3,Francis Howell Central,6
2016-08-19,Hickman,3,Francis Howell Central,2
2016-08-19,Winfield,5,Ft. Zumwalt North,4
2016-08-19,St. Joseph's Academy,2,Ft. Zumwalt North,9
2016-08-19,Hillsboro,15,Ft. Zumwalt South,5
2016-08-19,Hannibal,0,Hickman,3
2016-08-19,Warrenton,8,Highland,2
2016-08-19,Aurora,4,Hillcrest,5
2016-08-19,Warrenton,3,Hillsboro,2
2016-08-19,Reeds Spring,11,Hollister,1
2016-08-19,Notre Dame (St. Louis),5,John F. Kennedy,4
2016-08-19,Northeast (Cairo),6,La Plata,1
2016-08-19,Troy Buchanan,21,Ladue Horton Watkins,0
2016-08-19,Wheatland,6,Leeton,5
2016-08-19,Vienna,2,Linn,3
2016-08-19,Father Tolton,11,Lutheran St. Charles,2
2016-08-19,Laquey,2,Macks Creek,8
2016-08-19,Metro,14,McCluer South-Berkeley,18
2016-08-19,Wellsville-Middletown,0,New Bloomfield,10
2016-08-19,Kickapoo,7,Nixa,1
2016-08-19,Northeast Nodaway,3,North Harrison,14
2016-08-19,Cor Jesu Academy,2,Northwest (Cedar Hill),3
2016-08-19,Smithville,0,Norwood,21
2016-08-19,Waynesville,3,Owensville,8
2016-08-19,Timberland,3,Palmyra,5
2016-08-19,Troy Buchanan,1,Palmyra,0
2016-08-19,Waynesville,4,Poplar Bluff,3
2016-08-19,Monett,4,Republic,10
2016-08-19,Marquette,9,Rockwood Summit,3
2016-08-19,Rolla,9,St. James,2
2016-08-19,Ursuline Academy,0,St. Teresa's Academy,9
2016-08-19,St. Clair,13,Warsaw,0
2016-08-19,Houston,15,Westran,13
2016-08-19,Van-Far,0,Webb City,13
2016-08-19,McCluer North,19,Trinity Catholic,1
2016-08-19,Iberia,17,Tuscumbia,1
2016-08-20,McCluer South-Berkeley,6,Bayless,8
2016-08-20,Cleveland NJROTC,1,Bayless,23
2016-08-20,Montgomery County,6,Belle,0
2016-08-20,Raymore-Peculiar,6,Belton,4
2016-08-20,Odessa,2,Belton,11
2016-08-20,Higbee,3,Bevier,15
2016-08-20,John F. Kennedy,10,Bishop DuBourg,6
2016-08-20,Notre Dame (St. Louis),14,Bishop DuBourg,6
2016-08-20,Harrisonville,1,Blue Springs South,17
2016-08-20,William Chrisman,1,Blue Springs South,19
2016-08-20,Wright City,8,Boonville,7
2016-08-20,Moberly,5,Boonville,10
2016-08-20,Warrenton,1,Bowling Green,2
2016-08-20,Troy Buchanan,6,Bowling Green,4
2016-08-20,Pleasant Hope,4,Branson,5
2016-08-20,Pleasant Hope,12,Buffalo,5
2016-08-20,Humansville,5,Buffalo,14
2016-08-20,Clinton,6,Buffalo,5
2016-08-20,Van-Far,0,Camdenton,15
2016-08-20,Poplar Bluff,6,Camdenton,0
2016-08-20,Waynesville,2,Camdenton,13
2016-08-20,Warsaw,12,Carrollton,7
2016-08-20,Fayette,5,Carrollton,13
2016-08-20,O'Hara,3,Carrollton,15
2016-08-20,Winnetonka,3,Central (St. Joseph),13
2016-08-20,Lee's Summit West,8,Central (St. Joseph),2
2016-08-20,Riverview Gardens,25,Cleveland NJROTC,13
2016-08-20,Osage,2,Clinton,7
2016-08-20,Logan-Rogersville,6,Clinton,2
2016-08-20,Lutheran South,7,Cor Jesu Academy,6
2016-08-20,North Platte,4,East Buchanan,3
2016-08-20,West Platte,3,East Buchanan,6
2016-08-20,Lexington,2,East Buchanan,0
2016-08-20,Versailles,1,Fayette,4
2016-08-20,Hillsboro,6,Francis Howell Central,1
2016-08-20,Palmyra,5,Francis Howell Central,6
2016-08-20,Father Tolton,12,Fredericktown,1
2016-08-20,North County,14,Fredericktown,1
2016-08-20,Jefferson (Festus),8,Fredericktown,4
2016-08-20,Timberland,12,Ft. Zumwalt North,2
2016-08-20,St. Joseph's Academy,2,Ft. Zumwalt North,9
2016-08-20,Highland,7,Ft. Zumwalt North,4
2016-08-20,St. Joseph's Academy,3,Ft. Zumwalt South,18
2016-08-20,Highland,7,Ft. Zumwalt South,4
2016-08-20,Lafayette (Wildwood),1,Ft. Zumwalt South,4
2016-08-20,Linn,12,Hancock,1
2016-08-20,New Haven,14,Hancock,3
2016-08-20,St. James,8,Hancock,12
2016-08-20,Timberland,3,Hannibal,8
2016-08-20,Highland,0,Hannibal,4
2016-08-20,William Chrisman,6,Harrisonville,3
2016-08-20,Montgomery County,12,Hermann,1
2016-08-20,New Haven,5,Hermann,3
2016-08-20,Warrenton,3,Hickman,2
2016-08-20,Troy Buchanan,9,Hickman,4
2016-08-20,Winfield,0,Hillsboro,13
2016-08-20,Iberia,9,Humansville,1
2016-08-20,Pleasant Hope,4,Iberia,3
2016-08-20,Father Tolton,0,Jefferson (Festus),1
2016-08-20,St. Pius X (Festus),3,John F. Kennedy,6
2016-08-20,Pleasant Hill,4,Kearney,7
2016-08-20,Pilot Grove,6,Kirksville,3
2016-08-20,Eugene,8,Kirksville,1
2016-08-20,Timberland,15,Ladue Horton Watkins,0
2016-08-20,St. Joseph's Academy,19,Ladue Horton Watkins,4
2016-08-20,Lafayette (Wildwood),19,Ladue Horton Watkins,4
2016-08-20,Hannibal,7,Lafayette (Wildwood),2
2016-08-20,Summit Christian Academy,4,Lafayette County,14
2016-08-20,St. Elizabeth,8,Lathrop,6
2016-08-20,Winston,1,Lawson,20
2016-08-20,Grain Valley,2,Lee's Summit,11
2016-08-20,Raytown,10,Lee's Summit,13
2016-08-20,Liberty,6,Lee's Summit North,5
2016-08-20,Raytown South,3,Lee's Summit North,14
2016-08-20,Winnetonka,0,Lee's Summit West,3
2016-08-20,North Platte,0,Lexington,5
2016-08-20,West Platte,1,Lexington,11
2016-08-20,Raytown South,3,Liberty,16
2016-08-20,Gainesville,7,Liberty (Mountain View),15
2016-08-20,Montgomery County,0,Linn,3
2016-08-20,Iberia,3,Logan-Rogersville,14
2016-08-20,Branson,4,Logan-Rogersville,5
2016-08-20,Warsaw,9,Marshall,0
2016-08-20,O'Hara,1,Marshall,16
2016-08-20,East Newton,9,Marshfield,14
2016-08-20,Metro,11,McCluer South-Berkeley,14
2016-08-20,Riverview Gardens,0,Metro,20
2016-08-20,New Franklin,5,Moberly,8
2016-08-20,Wright City,2,New Franklin,7
2016-08-20,Father Tolton,5,North County,4
2016-08-20,Jefferson (Festus),2,North County,0
2016-08-20,Worth County,7,North Harrison,3
2016-08-20,West Platte,0,North Platte,3
2016-08-20,St. Pius X (Festus),0,Notre Dame (St. Louis),12
2016-08-20,Ursuline Academy,19,Notre Dame de Sion,2
2016-08-20,Fort Osage,7,Oak Grove,8
2016-08-20,St. Charles,1,Oak Grove,15
2016-08-20,Pleasant Hill,5,Oak Park,8
2016-08-20,Kearney,4,Oak Park,5
2016-08-20,Raymore-Peculiar,7,Odessa,6
2016-08-20,Humansville,2,Osage,17
2016-08-20,Branson,11,Osage,0
2016-08-20,Poplar Bluff,13,Owensville,0
2016-08-20,Eldon,6,Owensville,1
2016-08-20,Winfield,9,Palmyra,12
2016-08-20,Smithville,5,Park Hill,1
2016-08-20,Platte County,5,Park Hill,1
2016-08-20,Ste. Genevieve,1,Perryville,9
2016-08-20,Smithville,3,Platte County,6
2016-08-20,Webb City,5,Poplar Bluff,12
2016-08-20,St. Elizabeth,2,Princeton,5
2016-08-20,Grain Valley,7,Raytown,11
2016-08-20,Perryville,5,Sikeston,8
2016-08-20,Ste. Genevieve,2,Sikeston,7
2016-08-20,Marshall,13,Salem,2
2016-08-20,California,8,Salem,4
2016-08-20,Pilot Grove,9,Savannah,4
2016-08-20,Eugene,19,Savannah,1
2016-08-20,Worth County,4,St. Elizabeth,2
2016-08-20,New Haven,3,St. James,8
2016-08-20,Linn,12,St. James,1
2016-08-20,Belle,4,St. James,7
2016-08-20,Eldon,3,Webb City,8
2016-08-20,Waynesville,6,Webb City,16
2016-08-20,Fort Osage,7,St. Charles,4
2016-08-20,O'Hara,13,Versailles,2
2016-08-20,California,1,Warsaw,8
2016-08-20,Worth County,17,Winston,0
2016-08-22,Webb City,8,Affton,2
2016-08-22,Fort Osage,0,Belton,15
2016-08-22,Central (St. Joseph),0,Belton,9
2016-08-22,Trinity Catholic,2,Bishop DuBourg,21
2016-08-22,Oak Grove,1,Blue Springs South,7
2016-08-22,Lee's Summit West,3,Blue Springs South,0
2016-08-22,Lebanon,22,Bolivar,6
2016-08-22,New Franklin,12,Boonville,7
2016-08-22,Hardin-Central,6,Braymer,4
2016-08-22,Kirksville,3,Canton,5
2016-08-22,Lamar,13,Carthage,17
2016-08-22,Hillsboro,13,Central (Cape Girardeau),0
2016-08-22,Notre Dame (Cape Girardeau),8,Central (Park Hills),6
2016-08-22,Lafayette (Wildwood),6,Central (St. Joseph),4
2016-08-22,William Chrisman,4,Central (St. Joseph),10
2016-08-22,Macon,0,Centralia,10
2016-08-22,Knob Noster,0,Clinton,1
2016-08-22,New Haven,0,Cuba,10
2016-08-22,Wheatland,3,Dadeville,1
2016-08-22,Parkway West,0,DeSoto,4
2016-08-22,Pattonville,5,DeSoto,8
2016-08-22,Laquey,0,Dixon,10
2016-08-22,Liberty (Mountain View),6,Dora,7
2016-08-22,Washington,4,Eureka,5
2016-08-22,Fulton,0,Father Tolton,10
2016-08-22,Pattonville,6,Francis Howell,4
2016-08-22,Ritenour,0,Francis Howell North,15
2016-08-22,Marquette,2,Francis Howell North,6
2016-08-22,Parkway Central,0,Ft. Zumwalt West,10
2016-08-22,Kirkwood,3,Ft. Zumwalt West,14
2016-08-22,Alton,6,Gainesville,3
2016-08-22,Notre Dame (St. Louis),14,Hancock,3
2016-08-22,St. Charles,2,Harrisonville,10
2016-08-22,Winnetonka,9,Harrisonville,3
2016-08-22,Aurora,12,Hartville,1
2016-08-22,Riverview Gardens,0,Hazelwood Central,26
2016-08-22,Community,10,Hermann,8
2016-08-22,Northwestern (Mendon),17,Higbee,1
2016-08-22,Central (Springfield),3,Hollister,14
2016-08-22,Liberty (Wentzville),4,Holt,9
2016-08-22,Russellville,11,Jamestown,6
2016-08-22,Fredericktown,0,Jefferson (Festus),10
2016-08-22,Veritas Christian Academy,7,John F. Kennedy,0
2016-08-22,McCluer North,4,Kirkwood,16
2016-08-22,Carrollton,1,Lawson,11
2016-08-22,Raytown,1,Lee's Summit North,3
2016-08-22,Raymore-Peculiar,1,Lee's Summit West,6
2016-08-22,Clopton,3,Louisiana,8
2016-08-22,Westran,6,Madison,7
2016-08-22,Penney,2,Marceline,11
2016-08-22,Palmyra,21,Mark Twain,1
2016-08-22,Rosati-Kain,0,Marquette,15
2016-08-22,Parkway Central,0,Marquette,10
2016-08-22,Branson,8,Marshfield,2
2016-08-22,Parkway Central,7,McCluer North,0
2016-08-22,Parkway South,8,Mehlville,6
2016-08-22,Hannibal,1,Mexico,4
2016-08-22,Schuyler County,16,Moberly,5
2016-08-22,St. Charles,15,Nerinx Hall,5
2016-08-22,East Newton,5,Nevada,4
2016-08-22,Westran,6,Newburg,7
2016-08-22,St. Pius X (Kansas City),2,North Kansas City,11
2016-08-22,Parkway North,3,Northwest (Cedar Hill),13
2016-08-22,Parkway South,10,Northwest (Cedar Hill),11
2016-08-22,Lathrop,22,Notre Dame de Sion,0
2016-08-22,North Shelby,17,Novinger,2
2016-08-22,Raymore-Peculiar,7,Oak Grove,4
2016-08-22,Winnetonka,5,Odessa,1
2016-08-22,St. Charles,4,Odessa,11
2016-08-22,Elsberry,4,Orchard Farm,15
2016-08-22,Eldon,3,Osage,7
2016-08-22,Belle,11,Owensville,7
2016-08-22,Staley,10,Park Hill South,4
2016-08-22,Harrisburg,0,Pilot Grove,11
2016-08-22,North Andrew,0,Plattsburg,15
2016-08-22,Macks Creek,0,Pleasant Hope,10
2016-08-22,Perryville,6,Potosi,4
2016-08-22,Scotland County,3,Putnam County,1
2016-08-22,Smithville,4,Raytown,1
2016-08-22,St. James,12,Salem,13
2016-08-22,Festus,3,Seckman,10
2016-08-22,Willow Springs,12,Smithville,0
2016-08-22,Lexington,1,Sherwood,2
2016-08-22,Knox County,3,South Shelby,8
2016-08-22,St. Clair,0,St. Joseph's Academy,10
2016-08-22,Lafayette (Wildwood),6,St. Joseph's Academy,1
2016-08-22,Windsor (Imperial),10,St. Pius X (Festus),0
2016-08-22,North Platte,5,Vienna,1
2016-08-22,Ft. Zumwalt South,0,Timberland,1
2016-08-22,Rolla,3,Union,13
2016-08-22,Calvary Lutheran,8,Van-Far,10
2016-08-22,El Dorado Springs,7,Walnut Grove,3
2016-08-22,St. Teresa's Academy,8,Warrensburg,2
2016-08-22,Southern Boone,8,Warsaw,5
2016-08-22,Halfway,5,Weaubleau,4
2016-08-22,Ozark,7,West Plains,3
2016-08-22,Monett,4,Willard,2
2016-08-22,Fort Osage,6,William Chrisman,4
2016-08-23,Webster Groves,7,Affton,6
2016-08-23,Vienna,6,Albany,2
2016-08-23,Helias Catholic,8,Battle,1
2016-08-23,St. Teresa's Academy,2,Benton,3
2016-08-23,Highland,1,Bowling Green,4
2016-08-23,Penney,7,Brookfield,4
2016-08-23,Monett,21,Buffalo,6
2016-08-23,Hillcrest,0,Camdenton,13
2016-08-23,Seneca,8,Carthage,14
2016-08-23,Kelly,13,Chaffee,4
2016-08-23,Canton,10,Clopton,5
2016-08-23,Eureka,10,Cor Jesu Academy,6
2016-08-23,Ft. Zumwalt West,8,DeSoto,4
2016-08-23,Northeast Nodaway,5,East Buchanan,6
2016-08-23,Willow Springs,0,East Carter,1
2016-08-23,Louisiana,8,Elsberry,6
2016-08-23,Versailles,0,Eugene,12
2016-08-23,Cameron,1,Excelsior Springs,2
2016-08-23,Macks Creek,18,Fair Play,9
2016-08-23,Southern Boone,3,Fatima,2
2016-08-23,Parkway South,5,Francis Howell,6
2016-08-23,Parkway West,0,Francis Howell,18
2016-08-23,Timberland,7,Francis Howell Central,12
2016-08-23,Northwest (Cedar Hill),9,Francis Howell North,10
2016-08-23,Liberty (Wentzville),12,Ft. Zumwalt South,8
2016-08-23,Eldon,8,Fulton,5
2016-08-23,Polo,5,Gallatin,3
2016-08-23,Pleasant Hill,2,Grain Valley,4
2016-08-23,O'Hara,0,Grandview,15
2016-08-23,Hartville,9,Halfway,5
2016-08-23,Macon,7,Hallsville,8
2016-08-23,Ladue Horton Watkins,0,Hazelwood West,19
2016-08-23,Marion C. Early,10,Hermitage,11
2016-08-23,Boonville,0,Hickman,16
2016-08-23,Union,1,Hillsboro,0
2016-08-23,Ft. Zumwalt North,2,Holt,17
2016-08-23,Liberty (Wentzville),4,Holt,9
2016-08-23,Dadeville,9,Humansville,4
2016-08-23,St. Dominic,13,Incarnate Word Academy,12
2016-08-23,East Prairie,0,Jackson,8
2016-08-23,Linn,14,Jamestown,0
2016-08-23,Lebanon,9,Jefferson City,5
2016-08-23,Smithville,4,Kearney,9
2016-08-23,Ritenour,2,Kirkwood,13
2016-08-23,Warsaw,7,Knob Noster,4
2016-08-23,East Newton,9,Lamar,2
2016-08-23,Richmond,4,Lawson,5
2016-08-23,Platte County,7,Lee's Summit,12
2016-08-23,Liberty,5,Lee's Summit,6
2016-08-23,Raytown,1,Lee's Summit North,3
2016-08-23,Kearney,7,Lee's Summit North,6
2016-08-23,Oak Park,5,Liberty,10
2016-08-23,Norwood,2,Logan-Rogersville,3
2016-08-23,St. Joseph's Academy,0,Lutheran South,15
2016-08-23,Parkway Central,0,Marquette,10
2016-08-23,Mexico,18,Marshall,4
2016-08-23,Trenton,17,Maysville,0
2016-08-23,Parkway Central,7,McCluer North,0
2016-08-23,Nevada,1,McDonald County,13
2016-08-23,Parkway North,0,Mehlville,8
2016-08-23,Pattonville,11,Mehlville,6
2016-08-23,Mark Twain,0,Monroe City,10
2016-08-23,Hermann,0,Montgomery County,10
2016-08-23,Alton,4,Neelyville,5
2016-08-23,New Bloomfield,12,New Haven,1
2016-08-23,Reeds Spring,5,Nixa,3
2016-08-23,Central (Park Hills),2,North County,6
2016-08-23,Knox County,15,North Shelby,0
2016-08-23,Hardin-Central,10,Northwestern (Mendon),6
2016-08-23,Warrensburg,10,Notre Dame de Sion,0
2016-08-23,Platte County,6,Oak Park,0
2016-08-23,Warsaw,0,Owensville,17
2016-08-23,Pleasant Hill,10,Park Hill,2
2016-08-23,Raytown South,3,Park Hill,14
2016-08-23,Cassville,11,Parkview,0
2016-08-23,Jefferson (Festus),10,Perryville,0
2016-08-23,Fredericktown,9,Potosi,8
2016-08-23,Milan,1,Putnam County,11
2016-08-23,Smithville,4,Raytown,1
2016-08-23,William Chrisman,3,Raytown,10
2016-08-23,Grain Valley,13,Raytown South,1
2016-08-23,Crocker,13,Richland,6
2016-08-23,Rosati-Kain,1,Ritenour,12
2016-08-23,Bayless,21,Riverview Gardens,1
2016-08-23,Seckman,3,Rockwood Summit,4
2016-08-23,Carrollton,2,Schuyler County,7
2016-08-23,Clark County,2,Schuyler County,1
2016-08-23,Worth County,11,Silex,7
2016-08-23,Glasgow,2,Salem,12
2016-08-23,North Callaway,2,Slater,6
2016-08-23,Princeton,3,St. Elizabeth,1
2016-08-23,Warrenton,21,St. Charles,0
2016-08-23,Wright City,8,St. Clair,3
2016-08-23,Vienna,16,St. James,13
2016-08-23,Liberty North,3,Staley,5
2016-08-23,Farmington,20,Ste. Genevieve,1
2016-08-23,Laquey,1,Westran,13
2016-08-23,Braymer,14,Summit Christian Academy,12
2016-08-23,Pattonsburg,12,Tri-County,6
2016-08-23,Orchard Farm,19,Trinity Catholic,1
2016-08-23,Wheatland,1,Walnut Grove,9
2016-08-23,Ft. Zumwalt East,0,Washington,4
2016-08-23,Kickapoo,3,Waynesville,5
2016-08-23,Ozark,7,West Plains,3
2016-08-23,St. Pius X (Kansas City),6,West Platte,16
2016-08-23,Principia,7,Winfield,18
2016-08-23,North Andrew,5,Worth County,9
2016-08-24,Hancock,2,Bayless,4
2016-08-24,Kearney,0,Belton,2
2016-08-24,Platte County,3,Blue Springs South,6
2016-08-24,Smithville,8,Central (St. Joseph),0
2016-08-24,Northwest (Cedar Hill),6,DeSoto,3
2016-08-24,St. Joseph's Academy,18,Duchesne,0
2016-08-24,Southern Boone,3,Fatima,2
2016-08-24,Marquette,4,Francis Howell,1
2016-08-24,Herculaneum,4,Fredericktown,14
2016-08-24,Francis Howell North,4,Ft. Zumwalt West,3
2016-08-24,Pleasant Hill,12,Harrisonville,4
2016-08-24,Kirksville,8,Highland,19
2016-08-24,Waynesville,4,Hillcrest,6
2016-08-24,Sherwood,8,Holden,1
2016-08-24,Hannibal,1,Holt,7
2016-08-24,Potosi,0,Jefferson (Festus),1
2016-08-24,Pattonville,4,Kirkwood,3
2016-08-24,Pacific,13,Ladue Horton Watkins,2
2016-08-24,Ft. Zumwalt South,5,Lafayette (Wildwood),8
2016-08-24,Ozark,5,Lebanon,2
2016-08-24,Lee's Summit West,3,Lee's Summit,6
2016-08-24,Fort Osage,0,Lee's Summit North,10
2016-08-24,Raymore-Peculiar,14,Liberty,9
2016-08-24,Hickman,3,Lutheran South,9
2016-08-24,Pattonville,4,Marquette,5
2016-08-24,Riverview Gardens,0,McCluer South-Berkeley,15
2016-08-24,Pattonville,11,Mehlville,6
2016-08-24,Battle,9,Moberly,5
2016-08-24,Chaffee,4,Notre Dame (Cape Girardeau),8
2016-08-24,St. Dominic,10,Notre Dame (St. Louis),4
2016-08-24,Oak Park,0,Oak Grove,7
2016-08-24,Park Hill,5,Odessa,2
2016-08-24,South Shelby,21,Paris,0
2016-08-24,St. Charles,11,Raytown South,1
2016-08-24,Reeds Spring,0,Republic,12
2016-08-24,Cuba,3,Rolla,13
2016-08-24,Ste. Genevieve,0,Sikeston,15
2016-08-24,Ft. Zumwalt East,15,St. Charles,3
2016-08-24,Affton,15,St. Pius X (Festus),1
2016-08-24,Veritas Christian Academy,18,Trinity Catholic,1
2016-08-24,Slater,2,Van-Far,3
2016-08-24,Lutheran St. Charles,6,Westminster Christian Academy,9
2016-08-24,Central (Cape Girardeau),1,Windsor (Imperial),8
2016-08-24,Grain Valley,10,Winnetonka,6
2016-08-25,Notre Dame (St. Louis),14,Affton,12
2016-08-25,Pattonsburg,5,Albany,15
2016-08-25,Centralia,15,Blair Oaks,1
2016-08-25,Cuba,26,Bourbon,1
2016-08-25,Community,0,Bowling Green,26
2016-08-25,South Shelby,13,Brookfield,1
2016-08-25,Russellville,4,California,5
2016-08-25,Jefferson (Festus),1,Chaffee,2
2016-08-25,Scotland County,2,Clark County,6
2016-08-25,Wellsville-Middletown,1,Clopton,3
2016-08-25,Iberia,12,Crocker,15
2016-08-25,Leeton,6,Dadeville,0
2016-08-25,Newburg,2,Dixon,11
2016-08-25,Ava,3,Dora,1
2016-08-25,Kelly,4,East Carter,0
2016-08-25,Buffalo,0,El Dorado Springs,11
2016-08-25,Southern Boone,10,Eldon,6
2016-08-25,Hermitage,11,Fair Play,0
2016-08-25,Jamestown,0,Father Tolton,11
2016-08-25,Francis Howell Central,2,Francis Howell,6
2016-08-25,Central (Park Hills),11,Fredericktown,3
2016-08-25,Liberty (Wentzville),12,Ft. Zumwalt North,10
2016-08-25,Marshall,2,Fulton,5
2016-08-25,Bakersfield,13,Gainesville,5
2016-08-25,Camdenton,18,Glendale,0
2016-08-25,Boonville,7,Hannibal,3
2016-08-25,Lexington,11,Hardin-Central,0
2016-08-25,Rolla,0,Helias Catholic,10
2016-08-25,Windsor (Imperial),14,Herculaneum,1
2016-08-25,Waynesville,4,Hillcrest,6
2016-08-25,Troy Buchanan,0,Hillsboro,5
2016-08-25,Central (Springfield),2,Hollister,14
2016-08-25,Van-Far,2,Jefferson City,12
2016-08-25,Northwest (Cedar Hill),5,Lafayette (Wildwood),6
2016-08-25,Norwood,7,Lebanon,9
2016-08-25,Lee's Summit West,3,Lee's Summit,6
2016-08-25,Van Buren,15,Liberty (Mountain View),0
2016-08-25,Owensville,0,Linn,10
2016-08-25,Branson,5,Logan-Rogersville,2
2016-08-25,Eureka,0,Marquette,4
2016-08-25,St. Elizabeth,3,Maysville,13
2016-08-25,Polo,3,Milan,4
2016-08-25,Webb City,7,Monett,8
2016-08-25,Webster Groves,10,Nerinx Hall,0
2016-08-25,Tuscumbia,0,New Bloomfield,17
2016-08-25,Salem,1,New Franklin,11
2016-08-25,Ste. Genevieve,5,North County,15
2016-08-25,Lafayette (St. Joseph),6,North Platte,3
2016-08-25,Warrensburg,21,O'Hara,0
2016-08-25,Veritas Christian Academy,3,Orchard Farm,7
2016-08-25,Fatima,7,Osage,2
2016-08-25,Jackson,16,Perryville,4
2016-08-25,Central (Cape Girardeau),19,Perryville,9
2016-08-25,Nixa,2,Pleasant Hope,8
2016-08-25,Sikeston,0,Poplar Bluff,10
2016-08-25,Farmington,7,Potosi,1
2016-08-25,Trinity Catholic,2,Principia,12
2016-08-25,Jennings,9,Riverview Gardens,24
2016-08-25,Pilot Grove,6,Schuyler County,7
2016-08-25,Mehlville,2,Seckman,12
2016-08-25,Salem,19,Smithville,0
2016-08-25,Montgomery County,9,Silex,1
2016-08-25,Clinton,7,Savannah,1
2016-08-25,Holt,7,St. Dominic,0
2016-08-25,Notre Dame de Sion,2,St. Teresa's Academy,10
2016-08-25,Vienna,13,Warsaw,1
2016-08-25,Fayette,3,Worth County,4
2016-08-25,Excelsior Springs,25,Summit Christian Academy,6
2016-08-25,Princeton,0,Trenton,10
2016-08-25,Warrenton,2,Union,1
2016-08-25,Bishop DuBourg,6,Valley Park,5
2016-08-25,North Callaway,14,Van-Far,5
2016-08-25,Knob Noster,19,Versailles,5
2016-08-25,Parkview,0,West Plains,11
2016-08-25,Kickapoo,0,Willard,6
2016-08-25,Elsberry,12,Wright City,5
2016-08-26,Gainesville,7,Alton,5
2016-08-26,Dora,6,Alton,5
2016-08-26,St. Joseph's Academy,5,Bishop DuBourg,15
2016-08-26,Eugene,0,Blair Oaks,7
2016-08-26,Seneca,6,Blue Springs,7
2016-08-26,Carl Junction,0,Blue Springs,14
2016-08-26,McDonald County,1,Blue Springs,3
2016-08-26,Ladue Horton Watkins,1,Blue Springs South,16
2016-08-26,Central (Park Hills),5,Blue Springs South,13
2016-08-26,McDonald County,1,Blue Springs South,3
2016-08-26,Bayless,11,Brentwood,4
2016-08-26,Halfway,3,Buffalo,4
2016-08-26,Seneca,4,Carl Junction,3
2016-08-26,McDonald County,12,Carl Junction,4
2016-08-26,Park Hill South,13,Carthage,3
2016-08-26,Joplin,3,Carthage,1
2016-08-26,Hazelwood West,6,Clayton,0
2016-08-26,Ursuline Academy,7,Cor Jesu Academy,12
2016-08-26,Gainesville,2,Dora,5
2016-08-26,Helias Catholic,14,Eldon,2
2016-08-26,Scotland County,5,Fayette,3
2016-08-26,Ft. Zumwalt North,6,Festus,12
2016-08-26,Cor Jesu Academy,1,Festus,6
2016-08-26,Poplar Bluff,2,Fox,5
2016-08-26,Rockwood Summit,11,Fox,1
2016-08-26,Ursuline Academy,5,Ft. Zumwalt North,10
2016-08-26,Timberland,10,Ft. Zumwalt West,6
2016-08-26,Schuyler County,13,Harrisburg,1
2016-08-26,Norwood,4,Hartville,0
2016-08-26,Poplar Bluff,16,Hazelwood Central,0
2016-08-26,Rockwood Summit,11,Hazelwood Central,1
2016-08-26,Northwest (Cedar Hill),7,Hillsboro,4
2016-08-26,Wheatland,12,Humansville,0
2016-08-26,Troy Buchanan,7,Jefferson City,1
2016-08-26,Park Hill South,14,Joplin,5
2016-08-26,Neelyville,3,Kelly,14
2016-08-26,Lindbergh,15,Ladue Horton Watkins,2
2016-08-26,Battle,1,Liberty North,3
2016-08-26,Central (Park Hills),9,Lindbergh,4
2016-08-26,Parkway North,0,Lutheran South,13
2016-08-26,Walnut Grove,3,Marion C. Early,4
2016-08-26,Parkview,7,Marshfield,4
2016-08-26,Seneca,10,McDonald County,11
2016-08-26,Valley Park,12,Metro,0
2016-08-26,Slater,0,Mexico,15
2016-08-26,Helias Catholic,2,Mexico,0
2016-08-26,Eldon,5,Mexico,6
2016-08-26,St. Clair,0,Naylor,10
2016-08-26,Webb City,13,Nevada,0
2016-08-26,Staley,10,Nevada,0
2016-08-26,Madison,0,New Franklin,5
2016-08-26,Bolivar,2,Nixa,12
2016-08-26,Parkway Central,3,Notre Dame (St. Louis),8
2016-08-26,Webb City,5,Oakville,7
2016-08-26,Incarnate Word Academy,6,Oakville,5
2016-08-26,Lutheran St. Charles,4,Orchard Farm,3
2016-08-26,Kickapoo,2,Ozark,9
2016-08-26,Webster Groves,1,Pattonville,5
2016-08-26,John F. Kennedy,16,Principia,1
2016-08-26,Webb City,12,Ritenour,10
2016-08-26,Incarnate Word Academy,11,Ritenour,7
2016-08-26,St. Joseph's Academy,20,Rosati-Kain,3
2016-08-26,Versailles,4,Russellville,22
2016-08-26,Liberty North,10,Savannah,0
2016-08-26,Washington,9,Savannah,3
2016-08-26,Battle,10,Savannah,0
2016-08-26,Eldon,3,Slater,9
2016-08-26,Helias Catholic,10,Slater,0
2016-08-26,Holt,1,St. Dominic,8
2016-08-26,Calvary Lutheran,12,Van-Far,0
2016-08-26,Pilot Grove,13,Worth County,0
2016-08-26,Bourbon,0,Vienna,22
2016-08-26,Liberty North,3,Washington,0
2016-08-26,Battle,2,Washington,0
2016-08-26,Staley,4,Webb City,3
2016-08-26,New Haven,8,Wellsville-Middletown,4
2016-08-26,Perryville,1,Windsor (Imperial),8
2016-08-26,Bowling Green,15,Winfield,1
2016-08-27,Union,5,Affton,3
2016-08-27,Seckman,16,Affton,6
2016-08-27,Windsor (Imperial),11,Affton,1
2016-08-27,Liberty (Mountain View),7,Alton,6
2016-08-27,Willow Springs,5,Alton,0
2016-08-27,Hollister,7,Ava,13
2016-08-27,Mansfield,2,Bakersfield,14
2016-08-27,Houston,9,Bakersfield,11
2016-08-27,Salem,10,Bakersfield,3
2016-08-27,Park Hill South,1,Blue Springs,3
2016-08-27,Staley,8,Blue Springs,0
2016-08-27,Festus,0,Blue Springs South,8
2016-08-27,Rockwood Summit,7,Blue Springs South,11
2016-08-27,Norwood,7,Buffalo,3
2016-08-27,Parkview,6,Buffalo,2
2016-08-27,Osage,12,Calvary Lutheran,2
2016-08-27,Nevada,14,Carl Junction,5
2016-08-27,Joplin,7,Carl Junction,0
2016-08-27,Nevada,2,Carthage,10
2016-08-27,Joplin,4,Carthage,9
2016-08-27,Naylor,4,Central (Cape Girardeau),6
2016-08-27,Lawson,5,Central (St. Joseph),2
2016-08-27,Richmond,4,Central (St. Joseph),2
2016-08-27,Fair Play,15,Dadeville,7
2016-08-27,Humansville,1,Dadeville,9
2016-08-27,Crocker,1,Dixon,8
2016-08-27,Willow Springs,7,Dora,0
2016-08-27,Liberty (Mountain View),0,Dora,8
2016-08-27,Washington,7,Eldon,0
2016-08-27,Weaubleau,11,Fair Play,5
2016-08-27,Incarnate Word Academy,4,Festus,6
2016-08-27,Central (Park Hills),9,Fox,16
2016-08-27,Oakville,8,Fox,0
2016-08-27,Central (Park Hills),9,Ft. Zumwalt North,12
2016-08-27,Oakville,10,Ft. Zumwalt North,4
2016-08-27,Willow Springs,5,Gainesville,0
2016-08-27,Liberty (Mountain View),12,Gainesville,4
2016-08-27,Richmond,5,Gallatin,1
2016-08-27,Hillcrest,15,Glendale,3
2016-08-27,Cassville,10,Glendale,0
2016-08-27,Hartville,4,Halfway,5
2016-08-27,Walnut Grove,1,Hartville,3
2016-08-27,Ritenour,12,Hazelwood Central,0
2016-08-27,Ladue Horton Watkins,13,Hazelwood Central,14
2016-08-27,Battle,3,Helias Catholic,8
2016-08-27,Liberty North,3,Helias Catholic,7
2016-08-27,Leeton,1,Hermitage,8
2016-08-27,Wheatland,3,Hermitage,14
2016-08-27,Cassville,7,Hillcrest,0
2016-08-27,Smithville,1,Houston,13
2016-08-27,Mansfield,1,Houston,15
2016-08-27,Weaubleau,9,Humansville,2
2016-08-27,Newburg,4,Iberia,5
2016-08-27,Ursuline Academy,17,Ladue Horton Watkins,7
2016-08-27,Cameron,5,Lawson,3
2016-08-27,Willow Springs,4,Liberty (Mountain View),0
2016-08-27,Webb City,7,Lindbergh,10
2016-08-27,Cor Jesu Academy,5,Lindbergh,1
2016-08-27,Norwood,9,Marion C. Early,2
2016-08-27,Walnut Grove,1,Marshfield,7
2016-08-27,Halfway,0,Marshfield,6
2016-08-27,Liberty North,3,Mexico,0
2016-08-27,Fatima,7,Osage,2
2016-08-27,St. Joseph's Academy,8,Pacific,1
2016-08-27,Windsor (Imperial),6,Pacific,10
2016-08-27,Webb City,10,Park Hill South,13
2016-08-27,Marion C. Early,3,Parkview,2
2016-08-27,Webb City,4,Poplar Bluff,12
2016-08-27,Cor Jesu Academy,3,Poplar Bluff,5
2016-08-27,Hollister,2,Reeds Spring,16
2016-08-27,Ava,1,Reeds Spring,6
2016-08-27,Westran,6,Richland,3
2016-08-27,Ursuline Academy,2,Ritenour,3
2016-08-27,Incarnate Word Academy,0,Rockwood Summit,3
2016-08-27,Smithville,2,Salem,14
2016-08-27,Richmond,7,Savannah,1
2016-08-27,Union,2,Seckman,0
2016-08-27,Pacific,2,Seckman,6
2016-08-27,Washington,6,Savannah,1
2016-08-27,Slater,1,Savannah,2
2016-08-27,St. Joseph's Academy,0,Union,7
2016-08-27,Staley,11,Webb City,6
2016-08-27,St. Joseph's Academy,12,Windsor (Imperial),3
2016-08-28,Incarnate Word Academy,4,Festus,6
2016-08-29,Norwood,10,Ava,2
2016-08-29,Kearney,2,Belton,5
2016-08-29,Milan,12,Brashear,2
2016-08-29,Eugene,15,California,1
2016-08-29,Van Buren,10,Central (Cape Girardeau),0
2016-08-29,Liberty North,9,Central (St. Joseph),7
2016-08-29,Brentwood,13,Cleveland NJROTC,9
2016-08-29,Macks Creek,3,Crocker,11
2016-08-29,Braymer,6,DeKalb,7
2016-08-29,Bakersfield,4,Doniphan,0
2016-08-29,Vienna,6,East Buchanan,3
2016-08-29,Carrollton,10,Fayette,4
2016-08-29,Marquette,7,Fox,3
2016-08-29,Troy Buchanan,16,Francis Howell North,4
2016-08-29,Orchard Farm,0,Ft. Zumwalt East,10
2016-08-29,Holt,3,Ft. Zumwalt West,4
2016-08-29,Parkview,14,Glendale,1
2016-08-29,Fort Osage,5,Grain Valley,8
2016-08-29,Platte County,6,Grandview,5
2016-08-29,Fulton,1,Hannibal,4
2016-08-29,Hallsville,10,Harrisburg,0
2016-08-29,Ritenour,15,Hazelwood Central,3
2016-08-29,Bourbon,6,Hermann,21
2016-08-29,Humansville,9,Hermitage,8
2016-08-29,Clark County,0,Hickman,7
2016-08-29,Jamestown,18,Higbee,1
2016-08-29,Valley Park,0,Jefferson (Festus),11
2016-08-29,Eureka,10,Lafayette (Wildwood),3
2016-08-29,Lawson,6,Lafayette County,7
2016-08-29,Blue Springs South,6,Lee's Summit,5
2016-08-29,Lee's Summit North,6,Lee's Summit West,3
2016-08-29,Richmond,5,Lexington,2
2016-08-29,Timberland,7,Liberty (Wentzville),4
2016-08-29,Mehlville,16,Lindbergh,1
2016-08-29,Silex,0,Louisiana,15
2016-08-29,Bishop DuBourg,13,Lutheran St. Charles,2
2016-08-29,Moberly,3,Macon,4
2016-08-29,Walnut Grove,2,Marshfield,4
2016-08-29,Worth County,2,Maryville,17
2016-08-29,St. Charles,20,McCluer,3
2016-08-29,Pattonville,13,McCluer North,0
2016-08-29,Carthage,0,McDonald County,10
2016-08-29,Princeton,4,Mercer,3
2016-08-29,Benton,3,Mid-Buchanan,4
2016-08-29,Kickapoo,11,Monett,12
2016-08-29,El Dorado Springs,6,Nevada,3
2016-08-29,DeSoto,6,North County,3
2016-08-29,Chillicothe,1,North Harrison,2
2016-08-29,Staley,18,North Kansas City,1
2016-08-29,Madison,2,North Shelby,3
2016-08-29,North Andrew,14,Northeast Nodaway,2
2016-08-29,Parkway South,11,Northwest (Cedar Hill),0
2016-08-29,Glasgow,3,Northwestern (Mendon),13
2016-08-29,Warrenton,3,Notre Dame (Cape Girardeau),0
2016-08-29,Warrensburg,1,Oak Grove,5
2016-08-29,Winnetonka,1,Oak Park,2
2016-08-29,St. Pius X (Kansas City),7,Odessa,9
2016-08-29,St. Joseph's Academy,1,Pacific,8
2016-08-29,Blue Springs,5,Park Hill,1
2016-08-29,Liberty,8,Park Hill South,3
2016-08-29,Hazelwood West,9,Parkway Central,3
2016-08-29,Webster Groves,6,Parkway North,3
2016-08-29,Rockwood Summit,13,Parkway West,2
2016-08-29,East Prairie,0,Perryville,15
2016-08-29,Clinton,2,Pleasant Hill,12
2016-08-29,Iberia,3,Pleasant Hope,9
2016-08-29,Chaffee,3,Poplar Bluff,7
2016-08-29,Marceline,6,Putnam County,7
2016-08-29,St. Teresa's Academy,1,Raymore-Peculiar,5
2016-08-29,Halfway,4,Richland,10
2016-08-29,Notre Dame (St. Louis),11,Rosati-Kain,2
2016-08-29,Newburg,6,Russellville,10
2016-08-29,Pilot Grove,6,Schuyler County,7
2016-08-29,Oakville,1,Seckman,11
2016-08-29,Father Tolton,4,Southern Boone,10
2016-08-29,Duchesne,0,St. Dominic,10
2016-08-29,Fatima,12,Van-Far,1
2016-08-29,Knob Noster,15,Summit Christian Academy,4
2016-08-29,Penney,1,Trenton,3
2016-08-29,John F. Kennedy,14,Trinity Catholic,1
2016-08-29,Notre Dame de Sion,2,St. Charles,5
2016-08-29,Osage,13,Tuscumbia,0
2016-08-29,Sikeston,14,St. Clair,4
2016-08-29,Salem,7,Vienna,11
2016-08-29,Logan-Rogersville,3,West Plains,1
2016-08-29,Worth County,4,Westran,2
2016-08-29,Westran,3,Wheatland,7
2016-08-29,Cassville,2,Willard,3
2016-08-29,Raytown,4,William Chrisman,5
2016-08-29,Hartville,1,Willow Springs,13
2016-08-30,Gainesville,11,Alton,13
2016-08-30,La Plata,9,Atlanta,10
2016-08-30,Salem,12,Ava,5
2016-08-30,Newburg,3,Belle,13
2016-08-30,Grandview,2,Belton,12
2016-08-30,Savannah,2,Benton,0
2016-08-30,Linn County,17,Bevier,16
2016-08-30,Marshall,1,Boonville,5
2016-08-30,Laquey,15,Bourbon,3
2016-08-30,Parkview,3,Buffalo,4
2016-08-30,Maryville,0,Cameron,14
2016-08-30,Webb City,11,Carl Junction,1
2016-08-30,Lafayette County,1,Carrollton,11
2016-08-30,Silex,3,Community,13
2016-08-30,Tuscumbia,0,Crocker,11
2016-08-30,Warsaw,5,Cuba,15
2016-08-30,St. Clair,5,Doniphan,15
2016-08-30,Bakersfield,6,Dora,5
2016-08-30,Reeds Spring,0,East Newton,2
2016-08-30,East Carter,11,East Prairie,2
2016-08-30,California,4,Eldon,10
2016-08-30,Dadeville,14,Fair Play,10
2016-08-30,Central (Park Hills),5,Farmington,0
2016-08-30,Francis Howell North,6,Francis Howell Central,1
2016-08-30,North County,13,Fredericktown,0
2016-08-30,Trenton,3,Gallatin,0
2016-08-30,Harrisburg,12,Glasgow,2
2016-08-30,Marion C. Early,8,Hartville,5
2016-08-30,Weaubleau,6,Hermitage,7
2016-08-30,Marshfield,9,Hillcrest,10
2016-08-30,Knob Noster,6,Holden,9
2016-08-30,Ft. Zumwalt South,5,Holt,6
2016-08-30,Liberty (Mountain View),12,Houston,0
2016-08-30,Linn,13,Jamestown,0
2016-08-30,Naylor,0,Kelly,5
2016-08-30,Mexico,11,Kirksville,0
2016-08-30,Fox,12,Kirkwood,6
2016-08-30,Blue Springs South,11,Lee's Summit North,7
2016-08-30,Park Hill,0,Lee's Summit West,9
2016-08-30,Plattsburg,4,Lexington,5
2016-08-30,Ft. Zumwalt East,5,Liberty (Wentzville),6
2016-08-30,Brookfield,0,Macon,7
2016-08-30,Central (Springfield),6,Mansfield,16
2016-08-30,Parkway North,0,Marquette,10
2016-08-30,Hannibal,11,Moberly,2
2016-08-30,Clark County,0,Monroe City,5
2016-08-30,Lamar,6,Nevada,4
2016-08-30,Willard,6,Nixa,7
2016-08-30,Wright City,3,North Callaway,9
2016-08-30,Northeast Nodaway,0,North Platte,10
2016-08-30,Harrisonville,3,Oak Grove,13
2016-08-30,Excelsior Springs,3,Odessa,8
2016-08-30,Carthage,4,Ozark,9
2016-08-30,Central (St. Joseph),1,Park Hill South,9
2016-08-30,Grain Valley,4,Pleasant Hill,5
2016-08-30,Rolla,3,Pleasant Hope,2
2016-08-30,Maysville,16,Polo,6
2016-08-30,Neelyville,2,Poplar Bluff,13
2016-08-30,Milan,6,Princeton,4
2016-08-30,Liberty North,10,Raytown,3
2016-08-30,Vienna,17,Russellville,2
2016-08-30,Perryville,1,Sikeston,7
2016-08-30,Fulton,1,Slater,2
2016-08-30,Putnam County,8,St. Elizabeth,2
2016-08-30,Pacific,15,St. Clair,2
2016-08-30,Fort Osage,1,Staley,11
2016-08-30,Worth County,5,Vienna,6
2016-08-30,Potosi,15,Ste. Genevieve,14
2016-08-30,Ft. Zumwalt West,3,Troy Buchanan,4
2016-08-30,Humansville,5,Walnut Grove,9
2016-08-30,Richmond,7,Warrensburg,3
2016-08-30,Lebanon,6,Waynesville,7
2016-08-30,Camdenton,4,West Plains,0
2016-08-30,Jefferson (Festus),7,Windsor (Imperial),1
2016-08-30,Mercer,25,Winston,0
2016-08-31,Veritas Christian Academy,11,Bishop DuBourg,12
2016-08-31,Jennings,4,Clayton,26
2016-08-31,Hillsboro,16,Farmington,0
2016-08-31,Lafayette (Wildwood),2,Francis Howell,6
2016-08-31,Ft. Zumwalt North,7,Francis Howell Central,8
2016-08-31,Mehlville,11,Hancock,0
2016-08-31,Jefferson City,0,Helias Catholic,4
2016-08-31,Central (Cape Girardeau),1,Jackson,2
2016-08-31,Westminster Christian Academy,7,John F. Kennedy,4
2016-08-31,Carl Junction,2,Joplin,12
2016-08-31,Northwest (Cedar Hill),12,Kirkwood,3
2016-08-31,Ft. Zumwalt East,5,Liberty (Wentzville),6
2016-08-31,Incarnate Word Academy,6,McCluer North,4
2016-08-31,Poplar Bluff,7,Naylor,4
2016-08-31,Herculaneum,4,North County,14
2016-08-31,Affton,1,Notre Dame (Cape Girardeau),11
2016-08-31,Green City,12,Novinger,7
2016-08-31,St. Joseph's Academy,1,Oakville,11
2016-08-31,Webster Groves,12,Parkway Central,5
2016-08-31,Lutheran South,13,Parkway West,1
2016-08-31,Bourbon,0,Potosi,15
2016-08-31,Ft. Zumwalt West,1,Seckman,11
2016-08-31,Boonville,6,Savannah,1
2016-08-31,St. Dominic,3,St. Joseph's Academy,7
2016-08-31,St. Pius X (Kansas City),1,St. Teresa's Academy,10
2016-08-31,Dixon,20,Warsaw,2
2016-08-31,Lutheran St. Charles,17,Trinity Catholic,2
2016-08-31,St. Pius X (Festus),17,Valley Park,14
2016-08-31,Webb City,7,Windsor (Imperial),13
2016-09-01,McDonald County,9,Aurora,4
2016-09-01,Principia,7,Bayless,8
2016-09-01,Linn,8,Belle,6
2016-09-01,Smithville,2,Benton,3
2016-09-01,Eldon,0,Blair Oaks,12
2016-09-01,Lee's Summit North,0,Blue Springs,4
2016-09-01,Mark Twain,0,Bowling Green,16
2016-09-01,Nixa,6,Branson,5
2016-09-01,Worth County,3,Braymer,10
2016-09-01,Roosevelt,7,Brentwood,18
2016-09-01,Logan-Rogersville,7,Buffalo,1
2016-09-01,Helias Catholic,15,California,0
2016-09-01,Pleasant Hope,0,Camdenton,10
2016-09-01,Republic,18,Carl Junction,0
2016-09-01,Webb City,8,Carthage,4
2016-09-01,Potosi,1,Central (Park Hills),16
2016-09-01,Affton,11,Clayton,2
2016-09-01,St. Pius X (Kansas City),0,Clinton,18
2016-09-01,Elsberry,0,Clopton,3
2016-09-01,Van-Far,11,Community,4
2016-09-01,Marion C. Early,12,Dadeville,1
2016-09-01,Jackson,5,DeSoto,6
2016-09-01,Kelly,2,DeSoto,5
2016-09-01,East Prairie,2,Doniphan,6
2016-09-01,Hartville,4,Dora,5
2016-09-01,St. Charles,19,Duchesne,9
2016-09-01,West Platte,0,East Buchanan,15
2016-09-01,Parkway South,11,Eureka,9
2016-09-01,Harrisonville,8,Excelsior Springs,14
2016-09-01,Jefferson City,3,Fatima,2
2016-09-01,North Kansas City,1,Fort Osage,9
2016-09-01,Lafayette (Wildwood),2,Fox,4
2016-09-01,Ft. Zumwalt West,3,Francis Howell,1
2016-09-01,Timberland,5,Francis Howell North,6
2016-09-01,Ft. Zumwalt North,9,Ft. Zumwalt East,10
2016-09-01,Washington,7,Ft. Zumwalt South,0
2016-09-01,Kirksville,1,Fulton,2
2016-09-01,Norwood,15,Gainesville,0
2016-09-01,Princeton,2,Gallatin,3
2016-09-01,Joplin,17,Glendale,2
2016-09-01,Odessa,1,Grain Valley,11
2016-09-01,Ruskin,0,Grandview,15
2016-09-01,Rosati-Kain,12,Hancock,7
2016-09-01,Mexico,3,Hannibal,4
2016-09-01,McCluer North,2,Hazelwood West,8
2016-09-01,El Dorado Springs,6,Hermitage,1
2016-09-01,Brookfield,2,Highland,3
2016-09-01,Ava,3,Hillcrest,12
2016-09-01,Cuba,14,Houston,8
2016-09-01,Wheatland,10,Humansville,3
2016-09-01,Kelly,9,Jackson,1
2016-09-01,Herculaneum,0,Jefferson (Festus),15
2016-09-01,Carrollton,1,Knob Noster,7
2016-09-01,North Platte,0,Lathrop,7
2016-09-01,Kickapoo,5,Lebanon,2
2016-09-01,Holden,2,Lexington,4
2016-09-01,Liberty,3,Liberty North,10
2016-09-01,Centralia,17,Louisiana,0
2016-09-01,Central (Springfield),5,Macks Creek,11
2016-09-01,Atlanta,3,Madison,13
2016-09-01,Smithville,1,Mansfield,12
2016-09-01,La Plata,0,Marceline,10
2016-09-01,Hollister,0,Marshfield,10
2016-09-01,Lafayette (St. Joseph),5,Maryville,4
2016-09-01,Hazelwood East,5,McCluer,19
2016-09-01,Marquette,18,Mehlville,6
2016-09-01,Riverview Gardens,4,Metro,19
2016-09-01,Plattsburg,1,Mid-Buchanan,4
2016-09-01,Maysville,1,Milan,11
2016-09-01,Boonville,13,Moberly,1
2016-09-01,Cassville,1,Monett,11
2016-09-01,Palmyra,1,Monroe City,3
2016-09-01,Notre Dame (Cape Girardeau),7,Neelyville,0
2016-09-01,O'Hara,1,Nevada,17
2016-09-01,Russellville,0,New Bloomfield,9
2016-09-01,Union,18,New Haven,0
2016-09-01,Glasgow,2,Norborne,12
2016-09-01,Farmington,8,North County,5
2016-09-01,Tri-County,0,North Harrison,17
2016-09-01,Canton,8,North Shelby,0
2016-09-01,Oakville,10,Northwest (Cedar Hill),5
2016-09-01,William Chrisman,0,Oak Park,7
2016-09-01,Versailles,2,Osage,12
2016-09-01,St. James,4,Owensville,14
2016-09-01,Hermann,0,Pacific,15
2016-09-01,Knox County,28,Paris,0
2016-09-01,Raymore-Peculiar,8,Park Hill,3
2016-09-01,Rolla,7,Parkview,1
2016-09-01,Ladue Horton Watkins,7,Parkway West,13
2016-09-01,North Andrew,4,Pattonsburg,1
2016-09-01,Lawson,8,Penney,3
2016-09-01,Hillsboro,14,Perryville,0
2016-09-01,Kearney,10,Platte County,3
2016-09-01,Oak Grove,4,Pleasant Hill,1
2016-09-01,Belton,15,Raytown South,0
2016-09-01,Bolivar,6,Reeds Spring,16
2016-09-01,Laquey,4,Richland,16
2016-09-01,Lafayette County,1,Richmond,8
2016-09-01,Pattonville,4,Ritenour,0
2016-09-01,Parkway North,4,Rockwood Summit,13
2016-09-01,Harrisburg,3,Schuyler County,14
2016-09-01,Cameron,1,Savannah,0
2016-09-01,Westran,0,Scotland County,8
2016-09-01,Lindbergh,0,Seckman,10
2016-09-01,Trenton,15,St. Elizabeth,0
2016-09-01,Marion County,0,South Shelby,12
2016-09-01,Hickman,3,Southern Boone,5
2016-09-01,DeKalb,19,Southwest (Livingston County),0
2016-09-01,Eugene,10,Van-Far,0
2016-09-01,Festus,17,St. Pius X (Festus),0
2016-09-01,Fredericktown,10,Ste. Genevieve,11
2016-09-01,Warsaw,3,Westran,2
2016-09-01,Father Tolton,5,Worth County,12
2016-09-01,St. Clair,1,Webb City,17
2016-09-01,Lutheran St. Charles,17,Trinity Catholic,2
2016-09-01,Francis Howell Central,0,Troy Buchanan,2
2016-09-01,Raytown,3,St. Charles,8
2016-09-01,Slater,20,Tuscumbia,0
2016-09-01,East Carter,13,St. Clair,3
2016-09-01,McCluer South-Berkeley,21,University City,4
2016-09-01,Alton,0,Van Buren,1
2016-09-01,Savannah,1,Warrensburg,11
2016-09-01,West Plains,11,Waynesville,1
2016-09-01,Kirkwood,17,Webster Groves,3
2016-09-01,North Callaway,12,Wellsville-Middletown,1
2016-09-01,John F. Kennedy,4,Westminster Christian Academy,7
2016-09-01,Bakersfield,7,Willow Springs,9
2016-09-01,Orchard Farm,24,Winfield,9
2016-09-01,Staley,13,Winnetonka,0
2016-09-01,Montgomery County,10,Wright City,0
2016-09-02,Lindbergh,10,Affton,6
2016-09-02,East Carter,14,Alton,0
2016-09-02,Iberia,5,Belle,2
2016-09-02,Jefferson City,8,Camdenton,9
2016-09-02,Marion County,0,Canton,12
2016-09-02,Silex,3,Community,13
2016-09-02,Ft. Zumwalt East,10,Duchesne,0
2016-09-02,Marquette,17,Francis Howell,1
2016-09-02,Central (Cape Girardeau),3,Francis Howell,7
2016-09-02,Francis Howell North,15,Ft. Zumwalt South,2
2016-09-02,Weaubleau,3,Halfway,5
2016-09-02,Webb City,1,Helias Catholic,7
2016-09-02,Marion C. Early,7,Hollister,5
2016-09-02,Hancock,5,John F. Kennedy,13
2016-09-02,Russellville,11,Laquey,2
2016-09-02,Grain Valley,3,Lee's Summit,4
2016-09-02,Blue Springs South,11,Lee's Summit North,7
2016-09-02,Knob Noster,14,Leeton,2
2016-09-02,Cor Jesu Academy,11,Lindbergh,12
2016-09-02,Hermitage,13,Macks Creek,3
2016-09-02,Pilot Grove,10,Madison,2
2016-09-02,Nixa,1,McDonald County,4
2016-09-02,Brashear,5,Meadville,9
2016-09-02,Mark Twain,1,Montgomery County,12
2016-09-02,Notre Dame (Cape Girardeau),13,Naylor,2
2016-09-02,Liberty (Wentzville),5,Naylor,3
2016-09-02,Worth County,1,New Bloomfield,10
2016-09-02,Jamestown,0,New Franklin,13
2016-09-02,Central (Cape Girardeau),3,Northwest (Cedar Hill),9
2016-09-02,Liberty (Wentzville),1,Notre Dame (Cape Girardeau),10
2016-09-02,Bevier,2,Novinger,13
2016-09-02,Kirkwood,2,Oakville,17
2016-09-02,Lebanon,11,Parkview,4
2016-09-02,Tuscumbia,3,Richland,6
2016-09-02,Parkway South,2,Rockwood Summit,5
2016-09-02,Clayton,6,Rosati-Kain,7
2016-09-02,Northeast (Cairo),3,Schuyler County,10
2016-09-02,Fayette,2,Schuyler County,11
2016-09-02,Bowling Green,7,Slater,1
2016-09-02,Smithville,3,Westran,13
2016-09-02,Hazelwood West,16,Trinity Catholic,0
2016-09-02,McCluer North,18,University City,0
2016-09-02,Lutheran South,9,Ursuline Academy,3
2016-09-02,Orchard Farm,14,Valley Park,3
2016-09-02,Ft. Zumwalt West,1,Warrenton,5
2016-09-02,North Callaway,12,Wellsville-Middletown,1
2016-09-02,Parkway North,8,Westminster Christian Academy,7
2016-09-02,Calvary Lutheran,16,Wright City,0
2016-09-03,Cor Jesu Academy,2,Affton,0
2016-09-03,Central (Cape Girardeau),5,Affton,7
2016-09-03,Marceline,10,Brookfield,5
2016-09-03,Highland,10,Brookfield,0
2016-09-03,South Shelby,4,Canton,10
2016-09-03,Hillcrest,2,Carl Junction,7
2016-09-03,Gallatin,6,Central (St. Joseph),5
2016-09-03,Notre Dame (Cape Girardeau),13,Chaffee,14
2016-09-03,Putnam County,7,Chillicothe,8
2016-09-03,Clark County,7,Chillicothe,5
2016-09-03,Highland,8,Chillicothe,0
2016-09-03,Schuyler County,10,Chillicothe,5
2016-09-03,Marceline,2,Clark County,5
2016-09-03,Gallatin,1,DeKalb,2
2016-09-03,Chaffee,4,DeSoto,7
2016-09-03,Notre Dame (Cape Girardeau),11,DeSoto,1
2016-09-03,Lindbergh,5,Francis Howell,11
2016-09-03,Northwest (Cedar Hill),2,Francis Howell,6
2016-09-03,Richmond,6,Gallatin,1
2016-09-03,Webb City,16,Helias Catholic,8
2016-09-03,Warrenton,4,Hickman,0
2016-09-03,Marceline,10,Highland,4
2016-09-03,Neelyville,0,Jackson,10
2016-09-03,Naylor,2,Jackson,3
2016-09-03,Liberty (Wentzville),1,Kelly,6
2016-09-03,Carl Junction,1,Kickapoo,11
2016-09-03,Hillcrest,2,Kickapoo,3
2016-09-03,Schuyler County,3,Kirksville,2
2016-09-03,Trenton,9,Kirksville,8
2016-09-03,Brookfield,10,Kirksville,9
2016-09-03,Putnam County,3,Kirksville,5
2016-09-03,South Shelby,10,Knox County,4
2016-09-03,DeKalb,2,Lafayette (St. Joseph),9
2016-09-03,Gallatin,3,Lafayette (St. Joseph),4
2016-09-03,Savannah,6,Lafayette (St. Joseph),2
2016-09-03,Cameron,8,Lafayette (St. Joseph),7
2016-09-03,DeKalb,3,Lawson,13
2016-09-03,Cameron,5,Lawson,3
2016-09-03,Scotland County,16,Marion County,1
2016-09-03,Scotland County,0,Monroe City,6
2016-09-03,Canton,3,Monroe City,2
2016-09-03,Knox County,2,Monroe City,8
2016-09-03,Cor Jesu Academy,10,Northwest (Cedar Hill),6
2016-09-03,Liberty (Wentzville),13,Notre Dame (Cape Girardeau),3
2016-09-03,Marion County,10,Paris,3
2016-09-03,Brookfield,7,Putnam County,6
2016-09-03,Clark County,8,Putnam County,4
2016-09-03,Richmond,7,Savannah,1
2016-09-03,Cameron,3,Savannah,4
2016-09-03,Trenton,3,Schuyler County,0
2016-09-03,Highland,4,Schuyler County,1
2016-09-03,Marceline,1,Trenton,4
2016-09-03,Clark County,1,Trenton,11
2016-09-05,Hannibal,5,Highland,8
2016-09-05,Putnam County,13,Princeton,2
2016-09-06,Mehlville,11,Affton,9
2016-09-06,Meadville,18,Atlanta,9
2016-09-06,Glendale,2,Ava,3
2016-09-06,Hickman,6,Battle,9
2016-09-06,Trinity Catholic,14,Bayless,17
2016-09-06,Northwestern (Mendon),2,Bevier,10
2016-09-06,Blue Springs South,4,Blue Springs,3
2016-09-06,Buffalo,16,Bolivar,17
2016-09-06,Richland,18,Bourbon,0
2016-09-06,Kickapoo,1,Camdenton,7
2016-09-06,Highland,7,Canton,9
2016-09-06,Richmond,16,Carrollton,5
2016-09-06,Branson,7,Carthage,5
2016-09-06,Seneca,5,Cassville,10
2016-09-06,Laquey,15,Central (Springfield),2
2016-09-06,Mexico,4,Centralia,5
2016-09-06,Cameron,2,Chillicothe,3
2016-09-06,Westminster Christian Academy,6,Clayton,7
2016-09-06,Wright City,20,Community,9
2016-09-06,Waynesville,11,Crocker,4
2016-09-06,Vienna,12,Cuba,1
2016-09-06,Smithville,2,Dora,12
2016-09-06,Rosati-Kain,0,Duchesne,13
2016-09-06,Aurora,11,East Newton,12
2016-09-06,Van-Far,11,Elsberry,4
2016-09-06,Eldon,2,Eugene,7
2016-09-06,Grain Valley,3,Excelsior Springs,1
2016-09-06,Hermitage,7,Fair Play,12
2016-09-06,Fredericktown,15,Farmington,8
2016-09-06,New Bloomfield,4,Father Tolton,3
2016-09-06,Tuscumbia,0,Fatima,15
2016-09-06,New Franklin,11,Fayette,1
2016-09-06,DeSoto,2,Festus,6
2016-09-06,Liberty,7,Fort Osage,3
2016-09-06,Seckman,4,Fox,2
2016-09-06,Francis Howell North,5,Francis Howell,14
2016-09-06,Ft. Zumwalt South,14,Ft. Zumwalt North,3
2016-09-06,Francis Howell Central,3,Ft. Zumwalt West,9
2016-09-06,Maysville,13,Gallatin,3
2016-09-06,Madison,10,Glasgow,5
2016-09-06,Westran,11,Harrisburg,3
2016-09-06,Pleasant Hill,16,Harrisonville,2
2016-09-06,Dixon,9,Hartville,1
2016-09-06,Hazelwood West,16,Hazelwood Central,0
2016-09-06,Riverview Gardens,6,Hazelwood East,21
2016-09-06,Blair Oaks,0,Helias Catholic,3
2016-09-06,Perryville,21,Herculaneum,2
2016-09-06,New Haven,28,Hermann,7
2016-09-06,Parkway South,2,Hillsboro,6
2016-09-06,Parkway Central,1,Hillsboro,11
2016-09-06,Logan-Rogersville,12,Hollister,2
2016-09-06,Weaubleau,6,Humansville,16
2016-09-06,Newburg,7,Iberia,8
2016-09-06,Pilot Grove,9,Jamestown,0
2016-09-06,Bishop DuBourg,7,John F. Kennedy,5
2016-09-06,Rolla,6,Joplin,5
2016-09-06,Macon,5,Kirksville,7
2016-09-06,Pattonville,7,Kirkwood,7
2016-09-06,Marquette,11,Kirkwood,1
2016-09-06,Lexington,8,Knob Noster,3
2016-09-06,Scotland County,2,Knox County,4
2016-09-06,Smithville,8,Lafayette (St. Joseph),5
2016-09-06,Rockwood Summit,12,Lafayette (Wildwood),5
2016-09-06,Holden,13,Lafayette County,1
2016-09-06,Monett,16,Lamar,4
2016-09-06,Braymer,0,Lathrop,10
2016-09-06,Lee's Summit West,8,Lee's Summit,0
2016-09-06,Raymore-Peculiar,4,Lee's Summit North,5
2016-09-06,Willow Springs,10,Liberty (Mountain View),2
2016-09-06,Washington,10,Liberty (Wentzville),3
2016-09-06,Windsor (Imperial),5,Lindbergh,6
2016-09-06,Parkway North,1,Lindbergh,12
2016-09-06,Green City,17,Linn County,4
2016-09-06,Schuyler County,0,Marceline,4
2016-09-06,El Dorado Springs,9,Marion C. Early,3
2016-09-06,Silex,18,Mark Twain,3
2016-09-06,Pattonville,0,Marquette,7
2016-09-06,Warsaw,9,Marshall,6
2016-09-06,Reeds Spring,3,Marshfield,4
2016-09-06,Savannah,1,Maryville,2
2016-09-06,McCluer,0,McCluer North,16
2016-09-06,Metro,3,McCluer South-Berkeley,18
2016-09-06,DeKalb,10,Mid-Buchanan,8
2016-09-06,St. Elizabeth,2,Milan,17
2016-09-06,Fulton,13,Moberly,9
2016-09-06,Hannibal,3,Monroe City,4
2016-09-06,Bowling Green,3,Montgomery County,1
2016-09-06,Naylor,10,Neelyville,5
2016-09-06,Vienna,17,North Andrew,0
2016-09-06,Clopton,2,North Callaway,4
2016-09-06,Potosi,2,North County,14
2016-09-06,Park Hill,14,North Kansas City,13
2016-09-06,Pleasant Hope,9,Norwood,1
2016-09-06,Poplar Bluff,11,Notre Dame (Cape Girardeau),0
2016-09-06,Penney,16,Notre Dame de Sion,5
2016-09-06,Brashear,4,Novinger,9
2016-09-06,Odessa,1,Oak Grove,11
2016-09-06,St. Charles,4,Orchard Farm,14
2016-09-06,Hallsville,5,Osage,4
2016-09-06,Carl Junction,2,Ozark,12
2016-09-06,Clark County,7,Palmyra,3
2016-09-06,Schuyler County,18,Paris,0
2016-09-06,Lebanon,11,Parkview,4
2016-09-06,Parkway South,3,Parkway Central,4
2016-09-06,Windsor (Imperial),7,Parkway North,0
2016-09-06,Raytown South,3,Platte County,13
2016-09-06,Central (St. Joseph),7,Raytown,2
2016-09-06,Holt,10,Ritenour,0
2016-09-06,Webster Groves,14,Ritenour,4
2016-09-06,Oak Park,11,Ruskin,0
2016-09-06,Houston,0,Salem,15
2016-09-06,Central (Cape Girardeau),11,Sikeston,3
2016-09-06,Norborne,17,Salem,1
2016-09-06,Southern Boone,7,Slater,2
2016-09-06,North Shelby,0,South Shelby,7
2016-09-06,Owensville,13,St. Clair,2
2016-09-06,Russellville,16,Van-Far,3
2016-09-06,Notre Dame (St. Louis),0,St. Joseph's Academy,10
2016-09-06,Webb City,9,St. James,1
2016-09-06,Ladue Horton Watkins,1,St. Joseph's Academy,20
2016-09-06,Belton,6,St. Teresa's Academy,3
2016-09-06,William Chrisman,0,Staley,15
2016-09-06,Central (Park Hills),7,Ste. Genevieve,1
2016-09-06,St. Pius X (Kansas City),11,Summit Christian Academy,3
2016-09-06,Troy Buchanan,9,Timberland,5
2016-09-06,Polo,3,Trenton,13
2016-09-06,Park Hill South,6,St. Charles,0
2016-09-06,Pacific,0,Union,8
2016-09-06,Parkway West,2,Ursuline Academy,8
2016-09-06,Hancock,8,Valley Park,12
2016-09-06,East Carter,2,Van Buren,1
2016-09-06,Lutheran St. Charles,4,Veritas Christian Academy,12
2016-09-06,California,17,Versailles,6
2016-09-06,Halfway,6,Walnut Grove,7
2016-09-06,Winfield,0,Warrenton,13
2016-09-06,Republic,3,Webb City,0
2016-09-06,Holt,9,Webster Groves,4
2016-09-06,Grandview,5,Winnetonka,6
2016-09-06,Albany,5,Worth County,6
2016-09-07,Eureka,12,Affton,7
2016-09-07,Pattonsburg,5,Albany,15
2016-09-07,Jefferson (Festus),10,Bayless,0
2016-09-07,Raymore-Peculiar,3,Belton,13
2016-09-07,Lathrop,9,Benton,4
2016-09-07,Valley Park,16,Brentwood,3
2016-09-07,Kelly,3,Central (Cape Girardeau),1
2016-09-07,Metro,24,Cleveland NJROTC,1
2016-09-07,St. Pius X (Kansas City),0,Clinton,18
2016-09-07,El Dorado Springs,0,Clinton,3
2016-09-07,Sikeston,5,Doniphan,2
2016-09-07,Trinity Catholic,0,Duchesne,13
2016-09-07,Jackson,5,Farmington,6
2016-09-07,Parkway West,0,Fox,7
2016-09-07,Oakville,14,Ft. Zumwalt South,2
2016-09-07,Ft. Zumwalt East,9,Ft. Zumwalt West,6
2016-09-07,Miller Career Academy,9,Gateway,14
2016-09-07,Raytown,14,Grandview,3
2016-09-07,Jennings,0,Hancock,31
2016-09-07,Marshall,1,Hannibal,10
2016-09-07,Holt,4,Hillsboro,3
2016-09-07,Parkway Central,1,Hillsboro,11
2016-09-07,Windsor (Imperial),2,Hillsboro,7
2016-09-07,Nerinx Hall,7,Ladue Horton Watkins,6
2016-09-07,Mid-Buchanan,2,Lafayette (St. Joseph),4
2016-09-07,Francis Howell North,4,Lafayette (Wildwood),2
2016-09-07,Warsaw,2,Laquey,4
2016-09-07,Kearney,13,Liberty,5
2016-09-07,Parkway Central,0,Lindbergh,1
2016-09-07,Incarnate Word Academy,12,Lutheran South,5
2016-09-07,Willow Springs,16,Mansfield,0
2016-09-07,Lindbergh,4,Marquette,6
2016-09-07,Webster Groves,0,Marquette,8
2016-09-07,Boonville,1,Mexico,10
2016-09-07,North Platte,9,North Andrew,6
2016-09-07,Moberly,6,Northeast (Cairo),16
2016-09-07,Webb City,4,Northwest (Cedar Hill),6
2016-09-07,North County,0,Notre Dame (Cape Girardeau),10
2016-09-07,John F. Kennedy,1,Notre Dame (St. Louis),8
2016-09-07,St. Charles,15,Notre Dame de Sion,13
2016-09-07,Webster Groves,12,Parkway Central,2
2016-09-07,Holt,12,Pattonville,2
2016-09-07,Windsor (Imperial),2,Pattonville,9
2016-09-07,Lafayette County,0,Penney,8
2016-09-07,Hillcrest,7,Pleasant Hope,8
2016-09-07,St. Pius X (Festus),1,Potosi,16
2016-09-07,Cor Jesu Academy,5,Rockwood Summit,12
2016-09-07,Waynesville,1,Roosevelt,18
2016-09-07,Bishop DuBourg,7,Rosati-Kain,14
2016-09-07,Hallsville,12,Schuyler County,10
2016-09-07,DeSoto,3,Seckman,8
2016-09-07,Warsaw,6,Sherwood,12
2016-09-07,Worth County,14,Salem,2
2016-09-07,Blue Springs South,3,Smithville,1
2016-09-07,Carnahan,11,Soldan International Studies,27
2016-09-07,Pacific,15,St. Clair,2
2016-09-07,Veritas Christian Academy,1,St. Dominic,11
2016-09-07,Belle,6,St. James,7
2016-09-07,Festus,17,Ste. Genevieve,0
2016-09-07,Hazelwood East,18,University City,13
2016-09-07,Van-Far,6,Wellsville-Middletown,0
2016-09-07,Summit Christian Academy,11,West Platte,8
2016-09-08,Maryville,0,Benton,10
2016-09-08,Kirksville,1,Boonville,11
2016-09-08,Ozark,8,Branson,5
2016-09-08,Centralia,19,Brookfield,0
2016-09-08,Southern Boone,10,California,0
2016-09-08,Joplin,4,Carthage,11
2016-09-08,North County,4,Central (Park Hills),3
2016-09-08,Liberty,10,Central (St. Joseph),2
2016-09-08,Highland,6,Clark County,3
2016-09-08,Warrensburg,2,Clinton,5
2016-09-08,Lawson,11,East Buchanan,2
2016-09-08,Sikeston,8,East Prairie,0
2016-09-08,Ste. Genevieve,0,Farmington,10
2016-09-08,Mexico,5,Fulton,1
2016-09-08,Lamar,10,Glendale,6
2016-09-08,Norwood,13,Hartville,2
2016-09-08,Parkview,2,Hillcrest,14
2016-09-08,Richmond,16,Holden,11
2016-09-08,Leeton,5,Humansville,6
2016-09-08,Affton,10,Ladue Horton Watkins,3
2016-09-08,Knob Noster,7,Lafayette County,8
2016-09-08,Houston,15,Laquey,4
2016-09-08,Marshfield,5,Lebanon,6
2016-09-08,Carrollton,1,Lexington,2
2016-09-08,Ft. Zumwalt South,0,Liberty (Wentzville),1
2016-09-08,Parkway Central,0,Lindbergh,1
2016-09-08,Moberly,4,Marshall,2
2016-09-08,Lathrop,14,Mid-Buchanan,2
2016-09-08,Excelsior Springs,0,Oak Grove,10
2016-09-08,Staley,12,Oak Park,1
2016-09-08,Pleasant Hill,17,Odessa,3
2016-09-08,Warrenton,15,Orchard Farm,0
2016-09-08,Webster Groves,12,Parkway Central,2
2016-09-08,Penney,3,Plattsburg,6
2016-09-08,Winnetonka,10,Raytown South,4
2016-09-08,Nixa,1,Republic,10
2016-09-08,West Plains,12,Rolla,0
2016-09-08,Oak Park,12,Ruskin,0
2016-09-08,Marceline,7,Schuyler County,17
2016-09-08,Chillicothe,8,Savannah,6
2016-09-08,Nevada,8,Savannah,5
2016-09-08,Cameron,0,Smithville,5
2016-09-08,Gallatin,14,St. Elizabeth,4
2016-09-08,O'Hara,0,St. Pius X (Kansas City),4
2016-09-08,Lafayette (St. Joseph),1,St. Teresa's Academy,11
2016-09-08,New Haven,1,Webb City,13
2016-09-08,Milan,0,Trenton,10
2016-09-08,Linn,8,Tuscumbia,2
2016-09-08,Mark Twain,1,Van-Far,11
2016-09-08,Fayette,8,Westran,1
2016-09-08,Pattonsburg,4,Worth County,11
2016-09-09,Parkview,2,Aurora,13
2016-09-09,Southern Boone,10,California,0
2016-09-09,Fox,0,Camdenton,6
2016-09-09,Ozark,4,Carthage,1
2016-09-09,Rolla,7,Carthage,2
2016-09-09,Richmond,1,Carthage,4
2016-09-09,El Dorado Springs,4,Dadeville,1
2016-09-09,Neelyville,3,Dora,8
2016-09-09,Marion C. Early,12,Fair Play,2
2016-09-09,Liberty North,17,Fort Osage,2
2016-09-09,Soldan International Studies,19,Gateway,1
2016-09-09,Meadville,5,Green City,15
2016-09-09,Walnut Grove,0,Houston,2
2016-09-09,Pleasant Hope,5,Kickapoo,6
2016-09-09,Logan-Rogersville,3,Kickapoo,6
2016-09-09,Nixa,4,Lebanon,2
2016-09-09,Blair Oaks,6,Lee's Summit North,0
2016-09-09,Pleasant Hope,4,Logan-Rogersville,6
2016-09-09,Republic,12,Logan-Rogersville,0
2016-09-09,Grain Valley,1,Monett,10
2016-09-09,Nixa,10,Monett,4
2016-09-09,Lebanon,3,Monett,11
2016-09-09,Park Hill South,0,Oak Grove,6
2016-09-09,William Chrisman,0,Oak Grove,3
2016-09-09,Park Hill,0,Oak Grove,4
2016-09-09,Smithville,3,Oak Park,0
2016-09-09,Warrensburg,10,Oak Park,2
2016-09-09,Rolla,0,Ozark,16
2016-09-09,Park Hill South,10,Park Hill,2
2016-09-09,William Chrisman,12,Park Hill,5
2016-09-09,William Chrisman,3,Park Hill South,10
2016-09-09,Republic,12,Pleasant Hope,0
2016-09-09,Staley,4,Raymore-Peculiar,7
2016-09-09,Raytown,5,Raymore-Peculiar,7
2016-09-09,Staley,9,Raytown,4
2016-09-09,Glendale,1,Reeds Spring,11
2016-09-09,Richmond,3,Rolla,2
2016-09-09,St. Dominic,11,Rosati-Kain,0
2016-09-09,Linn,1,Slater,2
2016-09-09,Union,13,St. Clair,1
2016-09-09,Central (St. Joseph),3,St. Teresa's Academy,5
2016-09-09,Liberty (Wentzville),0,Troy Buchanan,5
2016-09-09,Smithville,9,Warrensburg,0
2016-09-09,Dixon,2,Waynesville,3
2016-09-09,Fort Osage,4,Winnetonka,8
2016-09-09,Liberty North,4,Winnetonka,2
2016-09-10,Bakersfield,6,Alton,2
2016-09-10,Laquey,2,Alton,12
2016-09-10,Liberty (Mountain View),9,Alton,3
2016-09-10,Marion C. Early,1,Aurora,4
2016-09-10,El Dorado Springs,3,Aurora,6
2016-09-10,Mansfield,4,Bakersfield,10
2016-09-10,Gainesville,0,Bakersfield,10
2016-09-10,Lee's Summit North,1,Camdenton,0
2016-09-10,Blair Oaks,2,Camdenton,0
2016-09-10,Fox,0,Camdenton,6
2016-09-10,Lafayette (St. Joseph),13,Central (St. Joseph),15
2016-09-10,Benton,3,Central (St. Joseph),4
2016-09-10,Lutheran South,0,Centralia,3
2016-09-10,Helias Catholic,0,Centralia,1
2016-09-10,Hickman,0,Centralia,5
2016-09-10,St. James,3,Cuba,9
2016-09-10,Walnut Grove,8,Dadeville,0
2016-09-10,Mid-Buchanan,6,DeKalb,0
2016-09-10,Mexico,6,DeSoto,2
2016-09-10,Fatima,6,DeSoto,2
2016-09-10,Lee's Summit,12,DeSoto,1
2016-09-10,Mansfield,8,Doniphan,7
2016-09-10,Gainesville,5,Doniphan,4
2016-09-10,Liberty (Mountain View),7,Doniphan,5
2016-09-10,DeKalb,4,East Buchanan,11
2016-09-10,Maysville,10,East Buchanan,1
2016-09-10,Houston,0,El Dorado Springs,7
2016-09-10,Lee's Summit North,8,Fox,1
2016-09-10,Blair Oaks,4,Fox,3
2016-09-10,Liberty (Mountain View),2,Gainesville,5
2016-09-10,Worth County,5,Gallatin,9
2016-09-10,Lutheran South,0,Helias Catholic,4
2016-09-10,Lutheran South,7,Hickman,6
2016-09-10,Helias Catholic,0,Hickman,6
2016-09-10,Ava,13,Hollister,7
2016-09-10,Marion C. Early,10,Houston,1
2016-09-10,North Callaway,0,Jefferson City,1
2016-09-10,Oakville,6,Jefferson City,5
2016-09-10,California,0,Knob Noster,10
2016-09-10,Benton,6,Lafayette (St. Joseph),1
2016-09-10,Mexico,5,Lee's Summit,4
2016-09-10,Fatima,1,Lee's Summit,3
2016-09-10,Blair Oaks,6,Lee's Summit North,0
2016-09-10,Laquey,7,Mansfield,8
2016-09-10,East Carter,8,Marshfield,5
2016-09-10,West Plains,9,Marshfield,0
2016-09-10,Northeast Nodaway,0,Maryville,8
2016-09-10,Vienna,12,Maryville,11
2016-09-10,Mid-Buchanan,11,Maysville,12
2016-09-10,North Harrison,11,Mercer,1
2016-09-10,Fatima,4,Mexico,7
2016-09-10,Green City,2,Milan,4
2016-09-10,Vienna,8,North Andrew,0
2016-09-10,Northeast Nodaway,1,North Andrew,0
2016-09-10,Oakville,6,North Callaway,2
2016-09-10,Vienna,10,Northeast Nodaway,0
2016-09-10,Smithville,7,Oak Grove,0
2016-09-10,Liberty North,9,Oak Grove,10
2016-09-10,Fort Osage,4,Oak Park,2
2016-09-10,Park Hill,4,Oak Park,9
2016-09-10,William Chrisman,20,Park Hill,13
2016-09-10,Staley,21,Park Hill South,5
2016-09-10,Raytown,8,Park Hill South,7
2016-09-10,Fair Play,3,Parkview,8
2016-09-10,Walnut Grove,5,Parkview,1
2016-09-10,Liberty North,2,Raymore-Peculiar,8
2016-09-10,Smithville,5,Raymore-Peculiar,15
2016-09-10,Winnetonka,6,Raytown,11
2016-09-10,Warrensburg,1,Raytown,0
2016-09-10,St. Elizabeth,2,Trenton,10
2016-09-10,Winston,19,Tri-County,6
2016-09-10,Staley,13,Warrensburg,3
2016-09-10,Joplin,0,Webb City,2
2016-09-10,East Carter,0,West Plains,8
2016-09-10,Fort Osage,11,William Chrisman,3
2016-09-10,Staley,11,Winnetonka,0
2016-09-12,Worth County,20,Atlanta,1
2016-09-12,Hollister,10,Ava,15
2016-09-12,Savannah,0,Battle,15
2016-09-12,Platte County,4,Belton,9
2016-09-12,Marion County,2,Bevier,12
2016-09-12,Notre Dame (St. Louis),17,Bishop DuBourg,0
2016-09-12,Clinton,6,Bolivar,5
2016-09-12,Belle,18,Bourbon,0
2016-09-12,Louisiana,2,Bowling Green,13
2016-09-12,Ozark,8,Branson,5
2016-09-12,Clark County,10,Brookfield,2
2016-09-12,Lebanon,1,Camdenton,15
2016-09-12,Summit Christian Academy,0,Cameron,11
2016-09-12,McDonald County,18,Carl Junction,0
2016-09-12,Windsor (Imperial),10,Central (Park Hills),11
2016-09-12,Parkview,16,Central (Springfield),2
2016-09-12,Monroe City,0,Centralia,14
2016-09-12,Lexington,6,Chillicothe,7
2016-09-12,Montgomery County,1,Clopton,5
2016-09-12,East Buchanan,4,DeKalb,9
2016-09-12,Neelyville,4,East Carter,14
2016-09-12,Palmyra,4,Elsberry,1
2016-09-12,Northwest (Cedar Hill),6,Eureka,8
2016-09-12,Walnut Grove,11,Fair Play,10
2016-09-12,Poplar Bluff,9,Farmington,3
2016-09-12,Schuyler County,13,Father Tolton,2
2016-09-12,Lutheran St. Charles,0,Francis Howell Central,15
2016-09-12,Perryville,3,Fredericktown,12
2016-09-12,Hillsboro,5,Ft. Zumwalt South,1
2016-09-12,Parkway North,0,Ft. Zumwalt West,15
2016-09-12,Boonville,1,Fulton,4
2016-09-12,Dora,13,Gainesville,0
2016-09-12,Cleveland NJROTC,18,Gateway,15
2016-09-12,West Plains,14,Glendale,0
2016-09-12,Warrensburg,4,Grain Valley,5
2016-09-12,Novinger,3,Green City,7
2016-09-12,Warsaw,7,Hallsville,11
2016-09-12,Valley Park,16,Hancock,3
2016-09-12,Fayette,3,Harrisburg,4
2016-09-12,McCluer North,19,Hazelwood East,0
2016-09-12,Wellsville-Middletown,7,Hermann,11
2016-09-12,Madison,17,Higbee,4
2016-09-12,Canton,6,Highland,7
2016-09-12,Joplin,6,Hillcrest,2
2016-09-12,Hazelwood Central,6,Incarnate Word Academy,19
2016-09-12,McCluer,17,Jennings,6
2016-09-12,St. Joseph's Academy,6,John F. Kennedy,1
2016-09-12,Winnetonka,0,Kearney,10
2016-09-12,Hannibal,9,Kirksville,1
2016-09-12,Ritenour,2,Kirkwood,0
2016-09-12,Brashear,5,Knox County,20
2016-09-12,Lindbergh,0,Lafayette (Wildwood),10
2016-09-12,El Dorado Springs,3,Lamar,1
2016-09-12,Crocker,13,Laquey,3
2016-09-12,Maysville,1,Lathrop,7
2016-09-12,Park Hill,0,Lee's Summit,9
2016-09-12,Blue Springs,6,Lee's Summit West,1
2016-09-12,Sherwood,0,Leeton,1
2016-09-12,Raytown,2,Liberty,3
2016-09-12,Hartville,5,Liberty (Mountain View),7
2016-09-12,Van-Far,3,Linn,14
2016-09-12,Marion C. Early,12,Macks Creek,1
2016-09-12,South Shelby,3,Macon,4
2016-09-12,Paris,2,Marceline,14
2016-09-12,Seckman,1,Marquette,6
2016-09-12,Pleasant Hope,7,Marshfield,5
2016-09-12,Linn County,1,Meadville,4
2016-09-12,Parkway South,17,Mehlville,3
2016-09-12,Soldan International Studies,2,Metro,17
2016-09-12,Marshall,2,Mexico,10
2016-09-12,Gallatin,1,Mid-Buchanan,2
2016-09-12,Roosevelt,15,Miller Career Academy,25
2016-09-12,Van Buren,4,Naylor,1
2016-09-12,Russellville,4,New Franklin,8
2016-09-12,Slater,5,New Haven,0
2016-09-12,Braymer,2,Norborne,9
2016-09-12,Festus,16,North County,4
2016-09-12,Savannah,9,North Platte,3
2016-09-12,Pattonsburg,8,Northeast Nodaway,14
2016-09-12,Holden,8,Odessa,9
2016-09-12,Buffalo,2,Osage,6
2016-09-12,Liberty North,10,Park Hill South,1
2016-09-12,Oakville,14,Pattonville,4
2016-09-12,North Harrison,4,Penney,5
2016-09-12,California,2,Pilot Grove,12
2016-09-12,Putnam County,5,Polo,2
2016-09-12,Blue Springs South,11,Raymore-Peculiar,3
2016-09-12,Norwood,5,Reeds Spring,4
2016-09-12,Excelsior Springs,7,Richmond,14
2016-09-12,Jackson,4,Rockwood Summit,1
2016-09-12,Kirkwood,7,Rockwood Summit,6
2016-09-12,Kickapoo,16,Rolla,4
2016-09-12,Houston,14,Smithville,1
2016-09-12,Notre Dame (Cape Girardeau),16,Sikeston,3
2016-09-12,Notre Dame de Sion,1,Smithville,11
2016-09-12,Potosi,16,St. Clair,1
2016-09-12,Raytown South,0,St. Teresa's Academy,10
2016-09-12,Ruskin,0,Staley,17
2016-09-12,Cuba,15,Warsaw,5
2016-09-12,Dixon,11,Westran,1
2016-09-12,Francis Howell,4,Timberland,1
2016-09-12,Lawson,1,Trenton,3
2016-09-12,Hazelwood West,18,Trinity Catholic,0
2016-09-12,Central (St. Joseph),3,St. Charles,13
2016-09-12,Doniphan,2,St. Clair,10
2016-09-12,Nerinx Hall,3,Ursuline Academy,16
2016-09-12,Duchesne,1,Veritas Christian Academy,3
2016-09-12,Blair Oaks,16,Versailles,1
2016-09-12,St. Dominic,2,Warrenton,7
2016-09-12,Parkway West,2,Webster Groves,12
2016-09-12,Hermitage,5,Wheatland,6
2016-09-12,Fort Osage,6,William Chrisman,2
2016-09-12,Alton,0,Willow Springs,6
2016-09-12,Tri-County,12,Winston,8
2016-09-13,Braymer,3,Albany,7
2016-09-13,Reeds Spring,8,Aurora,0
2016-09-13,Hartville,3,Ava,5
2016-09-13,Liberty (Mountain View),4,Bakersfield,14
2016-09-13,Kirksville,2,Battle,12
2016-09-13,Cuba,3,Belle,5
2016-09-13,La Plata,20,Bevier,5
2016-09-13,Affton,19,Bishop DuBourg,8
2016-09-13,Raymore-Peculiar,3,Blue Springs,4
2016-09-13,Park Hill,2,Blue Springs South,7
2016-09-13,Logan-Rogersville,10,Bolivar,0
2016-09-13,Atlanta,14,Brashear,16
2016-09-13,Marshfield,5,Buffalo,6
2016-09-13,Branson,15,Carl Junction,0
2016-09-13,Holden,10,Carrollton,7
2016-09-13,Fredericktown,4,Central (Park Hills),19
2016-09-13,Principia,0,Central (Park Hills),15
2016-09-13,Halfway,14,Central (Springfield),0
2016-09-13,Highland,2,Centralia,14
2016-09-13,Maryville,8,Chillicothe,6
2016-09-13,Brentwood,4,Clayton,15
2016-09-13,Clopton,13,Community,6
2016-09-13,Richland,0,Dixon,11
2016-09-13,Willow Springs,6,Dora,5
2016-09-13,Doniphan,1,East Carter,7
2016-09-13,Lamar,0,East Newton,2
2016-09-13,Perryville,8,East Prairie,3
2016-09-13,Weaubleau,2,El Dorado Springs,5
2016-09-13,Savannah,5,Eldon,15
2016-09-13,Wellsville-Middletown,3,Elsberry,6
2016-09-13,Tuscumbia,0,Eugene,14
2016-09-13,Versailles,0,Eugene,12
2016-09-13,Potosi,5,Farmington,13
2016-09-13,Knox County,11,Fayette,0
2016-09-13,Oak Park,5,Fort Osage,1
2016-09-13,Francis Howell Central,2,Francis Howell,5
2016-09-13,Ft. Zumwalt East,4,Ft. Zumwalt South,11
2016-09-13,Meadville,5,Green City,15
2016-09-13,Father Tolton,13,Hallsville,6
2016-09-13,Norborne,6,Hardin-Central,5
2016-09-13,Odessa,14,Harrisonville,4
2016-09-13,Hazelwood Central,21,Hazelwood East,13
2016-09-13,Hancock,12,Herculaneum,4
2016-09-13,Owensville,12,Hermann,2
2016-09-13,Harrisburg,15,Higbee,2
2016-09-13,DeSoto,2,Hillsboro,8
2016-09-13,Glendale,3,Hollister,5
2016-09-13,Crocker,4,Iberia,5
2016-09-13,Poplar Bluff,7,Jackson,3
2016-09-13,Hickman,6,Jefferson City,8
2016-09-13,McDonald County,11,Joplin,2
2016-09-13,St. Clair,1,Kelly,16
2016-09-13,Vienna,15,Laquey,0
2016-09-13,Oak Grove,1,Lathrop,3
2016-09-13,Lee's Summit,2,Lee's Summit North,5
2016-09-13,Lafayette County,1,Lexington,3
2016-09-13,Ft. Zumwalt North,6,Liberty (Wentzville),21
2016-09-13,Webster Groves,7,Lindbergh,8
2016-09-13,St. Dominic,16,Lutheran St. Charles,0
2016-09-13,Calvary Lutheran,12,Macks Creek,0
2016-09-13,Salem,0,Madison,4
2016-09-13,Westran,7,Marceline,12
2016-09-13,Wright City,18,Mark Twain,2
2016-09-13,Hazelwood West,12,McCluer,0
2016-09-13,Fox,9,Mehlville,11
2016-09-13,Bayless,3,Metro,19
2016-09-13,Moberly,1,Mexico,16
2016-09-13,Gallatin,5,Milan,3
2016-09-13,Macon,1,Monroe City,2
2016-09-13,Van-Far,0,Montgomery County,11
2016-09-13,Webb City,18,Nevada,1
2016-09-13,Fatima,0,New Bloomfield,9
2016-09-13,Glasgow,1,New Franklin,16
2016-09-13,Marquette,8,Northwest (Cedar Hill),3
2016-09-13,Houston,0,Norwood,10
2016-09-13,Benton,8,Notre Dame de Sion,6
2016-09-13,Lutheran South,2,Oakville,8
2016-09-13,St. Pius X (Kansas City),7,O'Hara,4
2016-09-13,Blair Oaks,7,Osage,0
2016-09-13,Webb City,7,Pacific,8
2016-09-13,Scotland County,16,Paris,0
2016-09-13,Waynesville,14,Parkview,1
2016-09-13,Nerinx Hall,7,Parkway Central,17
2016-09-13,Excelsior Springs,1,Pleasant Hill,10
2016-09-13,St. Elizabeth,0,Polo,4
2016-09-13,Park Hill South,9,Raytown,2
2016-09-13,Grandview,5,Raytown South,6
2016-09-13,Ozark,1,Republic,5
2016-09-13,Knob Noster,0,Richmond,4
2016-09-13,McCluer North,16,Riverview Gardens,1
2016-09-13,McCluer South-Berkeley,4,Rosati-Kain,12
2016-09-13,North Kansas City,21,Ruskin,2
2016-09-13,Warsaw,8,Russellville,7
2016-09-13,Warsaw,3,Salem,13
2016-09-13,Schuyler County,2,Schuyler County,3
2016-09-13,Kirkwood,6,Seckman,7
2016-09-13,Monett,1,Seneca,0
2016-09-13,Bowling Green,18,Silex,9
2016-09-13,Palmyra,0,South Shelby,6
2016-09-13,Helias Catholic,7,Southern Boone,2
2016-09-13,Union,13,St. Clair,1
2016-09-13,Newburg,18,Van-Far,16
2016-09-13,New Haven,8,St. James,9
2016-09-13,Jefferson (Festus),16,St. Pius X (Festus),0
2016-09-13,North County,9,Ste. Genevieve,4
2016-09-13,Northeast (Cairo),6,Worth County,0
2016-09-13,Ft. Zumwalt West,9,Timberland,7
2016-09-13,Francis Howell North,0,Troy Buchanan,6
2016-09-13,Versailles,11,Tuscumbia,9
2016-09-13,Valley Park,22,University City,2
2016-09-13,West Plains,4,Van Buren,1
2016-09-13,St. Charles,0,Warrenton,10
2016-09-13,Holt,8,Washington,1
2016-09-13,Ursuline Academy,13,Westminster Christian Academy,1
2016-09-13,Carthage,1,Willard,5
2016-09-13,Belton,8,Winnetonka,2
2016-09-14,St. James,24,Bourbon,0
2016-09-14,Kickapoo,6,Carthage,1
2016-09-14,North County,4,Central (Park Hills),3
2016-09-14,Carnahan,23,Cleveland NJROTC,5
2016-09-14,Salem,8,Cuba,3
2016-09-14,Notre Dame (Cape Girardeau),6,Festus,5
2016-09-14,Roosevelt,14,Gateway,11
2016-09-14,Lafayette (Wildwood),5,Hazelwood West,1
2016-09-14,Moberly,2,Helias Catholic,11
2016-09-14,Fox,0,Holt,11
2016-09-14,Kelly,3,Jefferson (Festus),0
2016-09-14,Veritas Christian Academy,7,John F. Kennedy,8
2016-09-14,Ft. Zumwalt South,0,Liberty (Wentzville),1
2016-09-14,St. Charles,11,Lutheran St. Charles,2
2016-09-14,McCluer,7,McCluer South-Berkeley,17
2016-09-14,Miller Career Academy,4,Metro,25
2016-09-14,Lutheran South,15,Nerinx Hall,2
2016-09-14,Albany,6,North Andrew,2
2016-09-14,Hallsville,5,North Callaway,9
2016-09-14,St. Pius X (Festus),2,Notre Dame (St. Louis),8
2016-09-14,Cor Jesu Academy,4,Oakville,2
2016-09-14,McCluer North,7,Orchard Farm,9
2016-09-14,Louisiana,6,Palmyra,2
2016-09-14,Parkway West,6,Parkway Central,9
2016-09-14,Parkway South,12,Parkway North,2
2016-09-14,Ft. Zumwalt East,0,Pattonville,3
2016-09-14,Gallatin,2,Putnam County,4
2016-09-14,Harrisburg,0,Scotland County,9
2016-09-14,El Dorado Springs,1,Sherwood,11
2016-09-14,St. Joseph's Academy,1,St. Dominic,12
2016-09-14,Duchesne,0,St. Joseph's Academy,11
2016-09-14,Central (Cape Girardeau),15,Ste. Genevieve,16
2016-09-14,Bishop DuBourg,15,Trinity Catholic,1
2016-09-14,Ft. Zumwalt West,3,Troy Buchanan,4
2016-09-14,Mark Twain,1,Van-Far,11
2016-09-14,Washington,2,Warrenton,4
2016-09-14,Fayette,8,Westran,1
2016-09-15,Parkway West,9,Affton,7
2016-09-15,Cassville,8,Aurora,1
2016-09-15,California,0,Battle,15
2016-09-15,Richland,1,Belle,6
2016-09-15,Grandview,2,Belton,20
2016-09-15,Chillicothe,2,Benton,12
2016-09-15,Park Hill,2,Blue Springs,5
2016-09-15,Lee's Summit,1,Blue Springs South,16
2016-09-15,Hannibal,4,Boonville,3
2016-09-15,Kickapoo,5,Branson,1
2016-09-15,Linn County,5,Brashear,15
2016-09-15,Monroe City,6,Brookfield,0
2016-09-15,Carl Junction,3,Carthage,5
2016-09-15,Farmington,4,Central (Park Hills),3
2016-09-15,Highland,6,Clark County,3
2016-09-15,Silex,1,Clopton,11
2016-09-15,Community,0,Elsberry,4
2016-09-15,New Bloomfield,3,Eugene,2
2016-09-15,Odessa,1,Excelsior Springs,12
2016-09-15,Jamestown,1,Fayette,11
2016-09-15,Washington,2,Ft. Zumwalt North,0
2016-09-15,Holt,6,Ft. Zumwalt South,2
2016-09-15,Waynesville,19,Glendale,3
2016-09-15,Pleasant Hill,8,Grain Valley,3
2016-09-15,La Plata,4,Green City,2
2016-09-15,Buffalo,7,Halfway,1
2016-09-15,Bayless,7,Hancock,6
2016-09-15,Norborne,6,Hardin-Central,5
2016-09-15,Laquey,1,Hartville,16
2016-09-15,McCluer,4,Hazelwood Central,14
2016-09-15,Hillsboro,16,Herculaneum,0
2016-09-15,Salem,15,Higbee,4
2016-09-15,Logan-Rogersville,13,Hillcrest,3
2016-09-15,Dixon,3,Iberia,0
2016-09-15,St. Joseph's Academy,2,Incarnate Word Academy,12
2016-09-15,Holden,8,Knob Noster,6
2016-09-15,Parkway Central,9,Ladue Horton Watkins,3
2016-09-15,Cameron,2,Lafayette (St. Joseph),3
2016-09-15,Carrollton,6,Lafayette County,1
2016-09-15,Lawson,1,Lathrop,4
2016-09-15,Park Hill South,0,Liberty,2
2016-09-15,Central (St. Joseph),4,Liberty North,10
2016-09-15,Palmyra,4,Macon,1
2016-09-15,Liberty (Mountain View),5,Mansfield,8
2016-09-15,Walnut Grove,6,Marion C. Early,7
2016-09-15,Fulton,7,Marshall,1
2016-09-15,Ft. Zumwalt East,17,McCluer North,2
2016-09-15,Jennings,3,McCluer South-Berkeley,18
2016-09-15,Seneca,3,McDonald County,4
2016-09-15,Novinger,4,Meadville,6
2016-09-15,Northwest (Cedar Hill),17,Mehlville,5
2016-09-15,Kirksville,5,Moberly,2
2016-09-15,Pacific,13,New Haven,2
2016-09-15,Webb City,13,Nixa,2
2016-09-15,Montgomery County,4,North Callaway,3
2016-09-15,Fredericktown,0,North County,16
2016-09-15,Milan,0,North Harrison,5
2016-09-15,Mid-Buchanan,4,North Platte,5
2016-09-15,Madison,0,Northeast (Cairo),15
2016-09-15,Principia,2,Notre Dame (St. Louis),11
2016-09-15,Sherwood,2,Oak Grove,1
2016-09-15,Clinton,19,O'Hara,2
2016-09-15,Union,12,Owensville,0
2016-09-15,Willard,1,Ozark,3
2016-09-15,Dadeville,7,Parkview,12
2016-09-15,West Platte,0,Penney,13
2016-09-15,St. Pius X (Festus),4,Perryville,14
2016-09-15,Glasgow,0,Pilot Grove,16
2016-09-15,Grandview,0,Platte County,10
2016-09-15,East Buchanan,2,Plattsburg,3
2016-09-15,East Carter,0,Poplar Bluff,4
2016-09-15,Ste. Genevieve,17,Potosi,5
2016-09-15,Polo,11,Princeton,3
2016-09-15,Raytown South,1,Raytown,6
2016-09-15,Hollister,1,Reeds Spring,4
2016-09-15,Lexington,2,Richmond,3
2016-09-15,St. Dominic,13,Rosati-Kain,0
2016-09-15,Dora,7,Salem,12
2016-09-15,Paris,1,Schuyler County,11
2016-09-15,Marceline,11,Scotland County,0
2016-09-15,Pleasant Hope,18,Smithville,2
2016-09-15,Chaffee,7,Sikeston,4
2016-09-15,St. Pius X (Kansas City),3,Savannah,10
2016-09-15,Van-Far,2,Slater,12
2016-09-15,Louisiana,3,South Shelby,5
2016-09-15,Hallsville,1,Southern Boone,9
2016-09-15,North Kansas City,0,Staley,10
2016-09-15,Braymer,2,Vienna,3
2016-09-15,New Franklin,13,Worth County,5
2016-09-15,Hermann,1,Webb City,11
2016-09-15,Putnam County,2,Trenton,12
2016-09-15,Oak Park,2,St. Charles,3
2016-09-15,St. Clair,0,Van Buren,10
2016-09-15,Bowling Green,9,Van-Far,0
2016-09-15,Orchard Farm,6,Veritas Christian Academy,16
2016-09-15,Osage,8,Vienna,3
2016-09-15,Nevada,10,Warrensburg,11
2016-09-15,Fair Play,7,Weaubleau,14
2016-09-15,Mark Twain,17,Wellsville-Middletown,11
2016-09-15,Knox County,6,Westran,2
2016-09-15,Ruskin,0,William Chrisman,16
2016-09-15,St. Charles,1,Winfield,11
2016-09-15,Fort Osage,9,Winnetonka,11
2016-09-15,Valley Park,0,Wright City,5
2016-09-16,Clinton,0,Blue Springs South,10
2016-09-16,Green City,9,Brashear,5
2016-09-16,Webster Groves,5,Central (St. Joseph),9
2016-09-16,Ozark,3,Central (St. Joseph),4
2016-09-16,Lee's Summit West,10,Central (St. Joseph),2
2016-09-16,Warrensburg,0,Centralia,14
2016-09-16,Lafayette County,2,Centralia,8
2016-09-16,Odessa,3,Clinton,8
2016-09-16,St. Teresa's Academy,5,Clinton,6
2016-09-16,Doniphan,5,Dora,4
2016-09-16,Fort Osage,1,Eureka,9
2016-09-16,Smithville,9,Eureka,1
2016-09-16,St. Charles,0,Eureka,4
2016-09-16,Nixa,0,Grain Valley,8
2016-09-16,Raymore-Peculiar,13,Harrisonville,3
2016-09-16,Sherwood,10,Harrisonville,3
2016-09-16,St. Teresa's Academy,10,Holden,9
2016-09-16,Nevada,2,Holden,3
2016-09-16,Webster Groves,1,Lee's Summit West,8
2016-09-16,Ozark,2,Lee's Summit West,0
2016-09-16,Grain Valley,3,Liberty,1
2016-09-16,Nixa,13,Liberty,9
2016-09-16,Winnetonka,2,Liberty,9
2016-09-16,Atlanta,13,Linn County,6
2016-09-16,St. Teresa's Academy,7,Nevada,9
2016-09-16,Webster Groves,6,Ozark,8
2016-09-16,Northeast (Cairo),3,Pilot Grove,1
2016-09-16,Timberland,3,Pleasant Hill,8
2016-09-16,Liberty North,13,Pleasant Hill,5
2016-09-16,Sherwood,3,Raymore-Peculiar,1
2016-09-16,Fort Osage,4,Smithville,8
2016-09-16,Van-Far,1,Southern Boone,11
2016-09-16,Liberty North,11,Timberland,3
2016-09-16,Fort Osage,1,St. Charles,4
2016-09-16,Smithville,1,St. Charles,0
2016-09-16,Timberland,7,Willard,4
2016-09-16,Liberty North,7,Willard,1
2016-09-16,Pleasant Hill,10,Willard,5
2016-09-16,Grain Valley,6,Winnetonka,2
2016-09-16,Nixa,11,Winnetonka,4
2016-09-16,Silex,5,Wright City,14
2016-09-17,Plattsburg,11,Albany,9
2016-09-17,Odessa,1,Blue Springs South,14
2016-09-17,Clinton,0,Blue Springs South,10
2016-09-17,Centralia,0,Blue Springs South,4
2016-09-17,North Harrison,2,Brookfield,9
2016-09-17,Marceline,13,Brookfield,3
2016-09-17,Milan,4,Brookfield,3
2016-09-17,St. Elizabeth,5,Brookfield,13
2016-09-17,Chillicothe,14,Carrollton,3
2016-09-17,Westran,3,Carrollton,9
2016-09-17,Excelsior Springs,5,Carrollton,8
2016-09-17,North Platte,15,Carrollton,2
2016-09-17,Timberland,9,Central (St. Joseph),2
2016-09-17,Liberty,3,Central (St. Joseph),4
2016-09-17,Raymore-Peculiar,0,Centralia,1
2016-09-17,Lafayette County,2,Centralia,10
2016-09-17,Westran,2,Chillicothe,11
2016-09-17,Putnam County,2,Chillicothe,12
2016-09-17,Macon,3,Chillicothe,5
2016-09-17,St. Teresa's Academy,5,Clinton,6
2016-09-17,Odessa,3,Clinton,8
2016-09-17,Father Tolton,7,Clopton,6
2016-09-17,Hermitage,10,Dadeville,0
2016-09-17,Westran,4,Dadeville,1
2016-09-17,Louisiana,14,Elsberry,5
2016-09-17,Clopton,2,Elsberry,1
2016-09-17,Centralia,6,Elsberry,9
2016-09-17,Pleasant Hill,2,Eureka,9
2016-09-17,Ozark,9,Eureka,8
2016-09-17,Penney,4,Excelsior Springs,5
2016-09-17,North Platte,5,Excelsior Springs,8
2016-09-17,Leeton,10,Fair Play,1
2016-09-17,Webb City,11,Ft. Zumwalt West,9
2016-09-17,Platte County,3,Ft. Zumwalt West,20
2016-09-17,Liberty North,4,Grain Valley,11
2016-09-17,Northwestern (Mendon),14,Hardin-Central,2
2016-09-17,Sherwood,10,Harrisonville,3
2016-09-17,Raymore-Peculiar,13,Harrisonville,3
2016-09-17,Warrensburg,10,Harrisonville,0
2016-09-17,Westran,0,Hermitage,16
2016-09-17,Father Tolton,0,Highland,2
2016-09-17,Warrensburg,1,Holden,2
2016-09-17,Sherwood,10,Lafayette County,0
2016-09-17,Warrensburg,5,Lafayette County,3
2016-09-17,Grain Valley,1,Lee's Summit West,2
2016-09-17,Smithville,0,Lee's Summit West,9
2016-09-17,St. Charles,2,Liberty,8
2016-09-17,Monroe City,3,Louisiana,6
2016-09-17,Highland,4,Louisiana,1
2016-09-17,Wheatland,10,Macks Creek,4
2016-09-17,Weaubleau,13,Macks Creek,1
2016-09-17,Norborne,4,Macon,14
2016-09-17,North Platte,3,Macon,8
2016-09-17,Putnam County,3,Macon,9
2016-09-17,North Harrison,2,Marceline,3
2016-09-17,Milan,3,Marceline,4
2016-09-17,North Harrison,5,Milan,3
2016-09-17,Richmond,4,Milan,1
2016-09-17,Father Tolton,4,Monroe City,3
2016-09-17,Odessa,2,Nevada,4
2016-09-17,Pleasant Hill,8,Nixa,0
2016-09-17,North Platte,4,Norborne,7
2016-09-17,Vienna,9,Northeast Nodaway,1
2016-09-17,Pattonsburg,4,Northeast Nodaway,3
2016-09-17,Nixa,6,Ozark,14
2016-09-17,Excelsior Springs,1,Putnam County,4
2016-09-17,Penney,1,Putnam County,4
2016-09-17,St. Elizabeth,0,Richmond,12
2016-09-17,Warsaw,7,Russellville,6
2016-09-17,Van-Far,9,Russellville,3
2016-09-17,Liberty North,5,Smithville,6
2016-09-17,Warsaw,1,Southern Boone,5
2016-09-17,Van-Far,1,Southern Boone,11
2016-09-17,Richmond,2,Trenton,4
2016-09-17,Marceline,2,Trenton,11
2016-09-17,St. Elizabeth,1,Trenton,9
2016-09-17,Timberland,11,St. Charles,4
2016-09-17,Kearney,4,Webb City,0
2016-09-17,Fort Osage,10,Webster Groves,13
2016-09-17,Highland,15,Wellsville-Middletown,0
2016-09-17,Clopton,5,Wellsville-Middletown,2
2016-09-17,Penney,9,Westran,11
2016-09-17,Weaubleau,13,Wheatland,1
2016-09-17,Fort Osage,6,Willard,7
2016-09-17,Liberty North,7,Willard,1
2016-09-17,Pleasant Hill,10,Willard,5
2016-09-17,Webster Groves,7,Winnetonka,8
2016-09-17,Willard,1,Winnetonka,12
2016-09-19,Parkway West,9,Affton,7
2016-09-19,North Harrison,8,Albany,0
2016-09-19,Braymer,3,Albany,7
2016-09-19,Green City,15,Atlanta,1
2016-09-19,Marshfield,13,Aurora,5
2016-09-19,Smithville,3,Ava,13
2016-09-19,Hartville,8,Bakersfield,2
2016-09-19,Hallsville,0,Blair Oaks,11
2016-09-19,Liberty,0,Blue Springs,3
2016-09-19,Lee's Summit North,0,Blue Springs South,3
2016-09-19,Warrensburg,19,Bolivar,7
2016-09-19,Montgomery County,5,Calvary Lutheran,4
2016-09-19,St. Clair,0,Central (Cape Girardeau),10
2016-09-19,Humansville,17,Central (Springfield),2
2016-09-19,Park Hill South,4,Central (St. Joseph),14
2016-09-19,Penney,0,Chillicothe,11
2016-09-19,Canton,9,Clark County,2
2016-09-19,Orchard Farm,23,Clayton,8
2016-09-19,Roosevelt,19,Cleveland NJROTC,12
2016-09-19,Odessa,10,Clinton,6
2016-09-19,Hermann,0,Cuba,14
2016-09-19,Salem,17,Dixon,9
2016-09-19,Gainesville,1,Dora,15
2016-09-19,Bishop DuBourg,3,Duchesne,4
2016-09-19,Lawson,11,East Buchanan,2
2016-09-19,Kelly,15,East Prairie,5
2016-09-19,Bowling Green,15,Elsberry,0
2016-09-19,Slater,5,Fayette,1
2016-09-19,Herculaneum,2,Festus,10
2016-09-19,Staley,18,Fort Osage,1
2016-09-19,Ft. Zumwalt West,6,Francis Howell Central,16
2016-09-19,Potosi,6,Fredericktown,10
2016-09-19,Holt,13,Ft. Zumwalt East,2
2016-09-19,North Callaway,12,Fulton,10
2016-09-19,Higbee,2,Glasgow,12
2016-09-19,Harrisonville,4,Grain Valley,14
2016-09-19,Belton,20,Grandview,2
2016-09-19,Moberly,0,Hannibal,9
2016-09-19,Hazelwood East,0,Hazelwood West,17
2016-09-19,Westran,4,Iberia,5
2016-09-19,Sikeston,1,Jackson,10
2016-09-19,Hillsboro,19,Jefferson (Festus),5
2016-09-19,McCluer South-Berkeley,22,Jennings,1
2016-09-19,Lutheran St. Charles,2,John F. Kennedy,1
2016-09-19,Parkview,1,Joplin,11
2016-09-19,Raytown South,0,Kearney,16
2016-09-19,West Plains,4,Kickapoo,3
2016-09-19,Rockwood Summit,6,Kirkwood,7
2016-09-19,Brashear,1,La Plata,6
2016-09-19,Hancock,6,Ladue Horton Watkins,11
2016-09-19,O'Hara,0,Lafayette County,10
2016-09-19,McDonald County,13,Lamar,5
2016-09-19,St. James,11,Laquey,1
2016-09-19,Glendale,1,Lebanon,13
2016-09-19,Raymore-Peculiar,8,Lee's Summit,3
2016-09-19,Park Hill,1,Lee's Summit West,14
2016-09-19,Lathrop,4,Lexington,2
2016-09-19,Raytown,18,Liberty North,19
2016-09-19,Northwest (Cedar Hill),9,Lindbergh,5
2016-09-19,Eldon,5,Linn,6
2016-09-19,Pacific,4,Lutheran South,5
2016-09-19,Paris,0,Madison,12
2016-09-19,Wellsville-Middletown,18,Marion County,3
2016-09-19,Louisiana,18,Mark Twain,1
2016-09-19,Boonville,7,Marshall,4
2016-09-19,Putnam County,11,Maysville,2
2016-09-19,Hazelwood Central,5,McCluer North,15
2016-09-19,Parkway Central,13,Mehlville,0
2016-09-19,Carnahan,1,Metro,22
2016-09-19,Soldan International Studies,32,Miller Career Academy,1
2016-09-19,Carl Junction,1,Monett,11
2016-09-19,East Carter,4,Naylor,9
2016-09-19,Chaffee,7,Neelyville,5
2016-09-19,St. Joseph's Academy,10,Nerinx Hall,2
2016-09-19,Carthage,13,Nevada,4
2016-09-19,Schuyler County,7,New Franklin,3
2016-09-19,Union,13,North County,0
2016-09-19,Fredericktown,0,North County,16
2016-09-19,Schuyler County,11,North Shelby,0
2016-09-19,Mansfield,1,Norwood,4
2016-09-19,Pleasant Hill,11,Notre Dame de Sion,7
2016-09-19,North Kansas City,4,Oak Park,12
2016-09-19,Lafayette (Wildwood),2,Oakville,4
2016-09-19,Highland,2,Palmyra,1
2016-09-19,Parkway West,4,Parkway North,8
2016-09-19,Marquette,3,Parkway South,0
2016-09-19,Vienna,19,Pattonsburg,3
2016-09-19,Northeast (Cairo),3,Pilot Grove,1
2016-09-19,Winnetonka,0,Platte County,3
2016-09-19,DeKalb,0,Plattsburg,4
2016-09-19,Buffalo,0,Pleasant Hope,10
2016-09-19,Cassville,2,Reeds Spring,0
2016-09-19,Jefferson City,0,Republic,10
2016-09-19,Crocker,15,Richland,6
2016-09-19,St. Charles,3,Ritenour,12
2016-09-19,Mid-Buchanan,0,Savannah,10
2016-09-19,Eureka,4,Seckman,14
2016-09-19,Cameron,0,Smithville,5
2016-09-19,Warrenton,14,St. Clair,1
2016-09-19,Notre Dame (St. Louis),1,St. Dominic,11
2016-09-19,Rosati-Kain,2,St. Joseph's Academy,12
2016-09-19,DeSoto,11,St. Pius X (Festus),0
2016-09-19,Community,0,Worth County,10
2016-09-19,Sherwood,10,Summit Christian Academy,0
2016-09-19,Hickman,1,Troy Buchanan,2
2016-09-19,Brentwood,1,Valley Park,11
2016-09-19,Willow Springs,1,Van Buren,7
2016-09-19,Trinity Catholic,2,Veritas Christian Academy,12
2016-09-19,California,8,Warsaw,11
2016-09-19,Camdenton,11,Waynesville,1
2016-09-19,Willard,4,Webb City,5
2016-09-19,Macon,14,Westran,7
2016-09-19,Fair Play,5,Wheatland,4
2016-09-19,St. Charles,10,William Chrisman,0
2016-09-20,Lutheran South,14,Affton,0
2016-09-20,Higbee,0,Atlanta,15
2016-09-20,Lamar,7,Aurora,8
2016-09-20,Lebanon,4,Ava,5
2016-09-20,McCluer South-Berkeley,17,Bayless,16
2016-09-20,Raytown South,1,Belton,12
2016-09-20,Meadville,9,Bevier,10
2016-09-20,Roosevelt,1,Bishop DuBourg,21
2016-09-20,Moberly,4,Boonville,9
2016-09-20,Wright City,0,Bowling Green,15
2016-09-20,Pattonsburg,2,Braymer,12
2016-09-20,Palmyra,11,Brookfield,1
2016-09-20,Blair Oaks,16,California,1
2016-09-20,Savannah,0,Camdenton,15
2016-09-20,Benton,0,Cameron,2
2016-09-20,Knob Noster,5,Carrollton,3
2016-09-20,Nixa,16,Carthage,10
2016-09-20,McDonald County,0,Cassville,1
2016-09-20,Notre Dame (Cape Girardeau),10,Central (Cape Girardeau),6
2016-09-20,Mansfield,15,Central (Springfield),5
2016-09-20,Van Buren,3,Chaffee,5
2016-09-20,Louisiana,5,Clark County,4
2016-09-20,Principia,0,Clayton,10
2016-09-20,North Callaway,9,Community,1
2016-09-20,Warsaw,3,Crocker,15
2016-09-20,Northeast Nodaway,0,DeKalb,10
2016-09-20,Laquey,3,Dixon,15
2016-09-20,Alton,6,Doniphan,3
2016-09-20,Poplar Bluff,6,East Carter,0
2016-09-20,Versailles,0,Eldon,15
2016-09-20,Slater,1,Eugene,8
2016-09-20,Parkview,4,Fair Play,2
2016-09-20,North County,5,Farmington,6
2016-09-20,Helias Catholic,2,Fatima,1
2016-09-20,Parkway South,9,Fox,2
2016-09-20,Troy Buchanan,2,Francis Howell Central,1
2016-09-20,Ste. Genevieve,19,Fredericktown,8
2016-09-20,Ft. Zumwalt East,3,Ft. Zumwalt North,2
2016-09-20,Francis Howell,2,Ft. Zumwalt West,0
2016-09-20,Albany,4,Gallatin,5
2016-09-20,St. Teresa's Academy,6,Grandview,3
2016-09-20,Worth County,12,Hallsville,4
2016-09-20,Cleveland NJROTC,9,Hancock,16
2016-09-20,Excelsior Springs,10,Harrisonville,11
2016-09-20,Houston,0,Hartville,10
2016-09-20,McCluer,25,Hazelwood East,17
2016-09-20,St. Pius X (Festus),17,Herculaneum,0
2016-09-20,Union,16,Hermann,0
2016-09-20,Halfway,3,Hermitage,6
2016-09-20,Macon,5,Highland,4
2016-09-20,Rolla,1,Hillcrest,7
2016-09-20,Cor Jesu Academy,0,Hillsboro,4
2016-09-20,Buffalo,12,Hollister,2
2016-09-20,Ursuline Academy,0,Incarnate Word Academy,10
2016-09-20,Windsor (Imperial),7,Jackson,8
2016-09-20,Battle,0,Jefferson City,4
2016-09-20,Platte County,0,Kearney,6
2016-09-20,Fulton,5,Kirksville,7
2016-09-20,Richmond,4,Lafayette County,0
2016-09-20,East Buchanan,1,Lathrop,11
2016-09-20,Blue Springs,9,Lee's Summit North,3
2016-09-20,Blue Springs South,5,Lee's Summit West,3
2016-09-20,Holden,8,Leeton,1
2016-09-20,Liberty North,2,Liberty,4
2016-09-20,Smithville,1,Liberty (Mountain View),18
2016-09-20,Holt,9,Liberty (Wentzville),4
2016-09-20,Eureka,8,Lindbergh,2
2016-09-20,Russellville,6,Linn,7
2016-09-20,Richland,11,Macks Creek,6
2016-09-20,Marion County,1,Madison,16
2016-09-20,Harrisburg,0,Marceline,10
2016-09-20,Glendale,4,Marion C. Early,8
2016-09-20,Clopton,21,Mark Twain,2
2016-09-20,Holt,3,Marquette,0
2016-09-20,Salem,5,Marshall,9
2016-09-20,Bolivar,10,Marshfield,5
2016-09-20,Princeton,4,Maysville,7
2016-09-20,Hazelwood West,15,McCluer North,0
2016-09-20,Kirkwood,5,Mehlville,3
2016-09-20,North Harrison,11,Mercer,0
2016-09-20,Wellsville-Middletown,0,Montgomery County,5
2016-09-20,Oakville,21,Nerinx Hall,0
2016-09-20,Southern Boone,0,New Bloomfield,4
2016-09-20,St. Clair,13,New Haven,11
2016-09-20,Fort Osage,10,North Kansas City,3
2016-09-20,La Plata,11,Novinger,1
2016-09-20,Pleasant Hill,6,Oak Grove,13
2016-09-20,Grain Valley,7,Odessa,0
2016-09-20,Winfield,6,Orchard Farm,10
2016-09-20,St. James,4,Pacific,15
2016-09-20,Fayette,20,Paris,2
2016-09-20,Parkway Central,5,Pattonville,3
2016-09-20,Mid-Buchanan,2,Penney,5
2016-09-20,Festus,12,Perryville,0
2016-09-20,Father Tolton,6,Pilot Grove,2
2016-09-20,North Platte,2,Plattsburg,4
2016-09-20,Central (Park Hills),16,Potosi,0
2016-09-20,Park Hill,1,Raymore-Peculiar,9
2016-09-20,St. Charles,11,Raytown,0
2016-09-20,Logan-Rogersville,12,Reeds Spring,4
2016-09-20,Branson,0,Republic,11
2016-09-20,Hazelwood Central,24,Riverview Gardens,3
2016-09-20,Westran,2,Schuyler County,12
2016-09-20,Scotland County,1,Schuyler County,2
2016-09-20,Lafayette (Wildwood),3,Seckman,13
2016-09-20,East Newton,3,Seneca,11
2016-09-20,Clinton,0,Sherwood,2
2016-09-20,Neelyville,9,Sikeston,10
2016-09-20,Chillicothe,1,Smithville,2
2016-09-20,Monroe City,4,South Shelby,3
2016-09-20,Hardin-Central,10,Southwest (Livingston County),0
2016-09-20,John F. Kennedy,17,St. Charles,2
2016-09-20,St. Dominic,3,St. Joseph's Academy,7
2016-09-20,Parkway North,3,St. Joseph's Academy,5
2016-09-20,Summit Christian Academy,5,St. Pius X (Kansas City),10
2016-09-20,Owensville,0,Webb City,10
2016-09-20,Francis Howell North,4,Timberland,3
2016-09-20,Valley Park,10,Trinity Catholic,4
2016-09-20,Jamestown,5,Tuscumbia,2
2016-09-20,Naylor,7,St. Clair,3
2016-09-20,Metro,17,University City,2
2016-09-20,Silex,1,Van-Far,4
2016-09-20,Belle,0,Vienna,15
2016-09-20,Dadeville,1,Walnut Grove,10
2016-09-20,Osage,5,Warsaw,4
2016-09-20,Ft. Zumwalt South,10,Washington,12
2016-09-20,Pleasant Hope,2,Weaubleau,3
2016-09-20,Ozark,7,Webb City,8
2016-09-20,Northwest (Cedar Hill),14,Webster Groves,8
2016-09-20,Joplin,1,West Plains,11
2016-09-20,Parkway West,6,Westminster Christian Academy,5
2016-09-20,Carl Junction,0,Willard,11
2016-09-20,Oak Park,5,William Chrisman,2
2016-09-20,Salem,3,Willow Springs,1
2016-09-21,Blue Springs,1,Blue Springs South,0
2016-09-21,North Andrew,8,Braymer,14
2016-09-21,Centralia,19,Brookfield,0
2016-09-21,Lathrop,1,Cameron,0
2016-09-21,Farmington,4,Central (Park Hills),3
2016-09-21,Warrensburg,2,Clinton,5
2016-09-21,Incarnate Word Academy,1,Cor Jesu Academy,6
2016-09-21,St. Dominic,22,Duchesne,5
2016-09-21,Potosi,0,Festus,8
2016-09-21,Kirkwood,6,Fox,12
2016-09-21,Marquette,17,Francis Howell,1
2016-09-21,Ft. Zumwalt West,17,Francis Howell North,3
2016-09-21,Metro,22,Gateway,0
2016-09-21,Brentwood,3,Hancock,10
2016-09-21,Weaubleau,12,Hermitage,6
2016-09-21,Helias Catholic,4,Hickman,5
2016-09-21,Lexington,5,Holden,7
2016-09-21,Bayless,17,Jennings,1
2016-09-21,Trinity Catholic,1,John F. Kennedy,11
2016-09-21,Park Hill South,4,Kearney,9
2016-09-21,Monett,8,Kickapoo,9
2016-09-21,Moberly,1,Kirksville,6
2016-09-21,Riverview Gardens,1,Kirkwood,16
2016-09-21,Francis Howell Central,3,Lafayette (Wildwood),5
2016-09-21,Nixa,3,Logan-Rogersville,4
2016-09-21,Ozark,10,Logan-Rogersville,3
2016-09-21,Battle,2,Mexico,3
2016-09-21,St. Teresa's Academy,4,Mid-Buchanan,0
2016-09-21,Carnahan,3,Miller Career Academy,15
2016-09-21,Ozark,8,Monett,2
2016-09-21,Affton,15,Nerinx Hall,3
2016-09-21,Harrisburg,0,New Franklin,11
2016-09-21,Cuba,5,North County,4
2016-09-21,Rosati-Kain,0,Notre Dame (St. Louis),9
2016-09-21,St. Pius X (Kansas City),0,Notre Dame de Sion,15
2016-09-21,Wright City,7,Orchard Farm,10
2016-09-21,Warrenton,15,Orchard Farm,0
2016-09-21,Pacific,13,Owensville,2
2016-09-21,Hazelwood West,8,Parkway North,2
2016-09-21,Lindbergh,1,Parkway South,11
2016-09-21,Lutheran South,13,Parkway West,1
2016-09-21,Hazelwood Central,0,Pattonville,15
2016-09-21,Kelly,10,Perryville,4
2016-09-21,Oak Park,4,Platte County,14
2016-09-21,West Platte,1,Plattsburg,17
2016-09-21,Lee's Summit North,7,Raymore-Peculiar,5
2016-09-21,William Chrisman,3,Raytown,4
2016-09-21,McCluer,0,Ritenour,11
2016-09-21,McCluer North,6,Rockwood Summit,8
2016-09-21,Soldan International Studies,19,Roosevelt,8
2016-09-21,Hillsboro,11,Seckman,5
2016-09-21,Nevada,8,Savannah,5
2016-09-21,O'Hara,0,Smithville,15
2016-09-21,Waynesville,21,St. James,0
2016-09-21,Fredericktown,3,St. Pius X (Festus),2
2016-09-21,Lee's Summit,0,Staley,1
2016-09-21,Fort Osage,2,St. Charles,9
2016-09-21,Linn,8,Tuscumbia,2
2016-09-21,St. Joseph's Academy,0,Ursuline Academy,10
2016-09-21,New Haven,4,Valley Park,6
2016-09-21,Hazelwood East,1,Webster Groves,13
2016-09-21,Veritas Christian Academy,4,Westminster Christian Academy,1
2016-09-21,El Dorado Springs,11,Wheatland,5
2016-09-21,Chaffee,5,Windsor (Imperial),7
2016-09-21,Clopton,15,Winfield,4
2016-09-22,Parkway Central,13,Affton,1
2016-09-22,Putnam County,5,Albany,2
2016-09-22,Novinger,14,Atlanta,9
2016-09-22,Dora,7,Bakersfield,1
2016-09-22,Cleveland NJROTC,2,Bayless,19
2016-09-22,Notre Dame de Sion,2,Belton,12
2016-09-22,Nerinx Hall,7,Bishop DuBourg,6
2016-09-22,Fatima,2,Blair Oaks,9
2016-09-22,Willard,8,Branson,0
2016-09-22,Milan,13,Braymer,6
2016-09-22,Warsaw,2,Buffalo,4
2016-09-22,Monroe City,1,Canton,2
2016-09-22,Poplar Bluff,11,Central (Cape Girardeau),1
2016-09-22,Ste. Genevieve,1,Central (Park Hills),9
2016-09-22,Macks Creek,15,Central (Springfield),6
2016-09-22,Raytown,2,Central (St. Joseph),0
2016-09-22,Jackson,6,Chaffee,3
2016-09-22,Centralia,8,Clark County,2
2016-09-22,Wright City,2,Clopton,8
2016-09-22,Montgomery County,10,Community,0
2016-09-22,Halfway,9,Dadeville,5
2016-09-22,Perryville,0,DeSoto,15
2016-09-22,Herculaneum,0,DeSoto,15
2016-09-22,Cuba,0,Dixon,8
2016-09-22,North Platte,4,East Buchanan,5
2016-09-22,Hallsville,0,Eldon,14
2016-09-22,Mark Twain,2,Elsberry,12
2016-09-22,Fox,0,Eureka,2
2016-09-22,California,1,Father Tolton,16
2016-09-22,Marceline,7,Fayette,0
2016-09-22,Francis Howell,10,Francis Howell North,0
2016-09-22,Farmington,14,Fredericktown,4
2016-09-22,Ft. Zumwalt North,12,Ft. Zumwalt South,9
2016-09-22,Hannibal,6,Fulton,0
2016-09-22,Hollister,20,Gainesville,11
2016-09-22,Worth County,13,Glasgow,0
2016-09-22,Excelsior Springs,1,Grain Valley,14
2016-09-22,Winnetonka,7,Grandview,6
2016-09-22,Marshfield,16,Hartville,4
2016-09-22,Hazelwood Central,3,Hazelwood West,9
2016-09-22,St. Pius X (Festus),0,Hillsboro,15
2016-09-22,Lafayette County,5,Holden,15
2016-09-22,Ft. Zumwalt East,3,Holt,9
2016-09-22,Ava,2,Houston,4
2016-09-22,Marion C. Early,13,Humansville,2
2016-09-22,Ladue Horton Watkins,1,Incarnate Word Academy,16
2016-09-22,Higbee,1,Jamestown,16
2016-09-22,Webb City,6,Jefferson (Festus),2
2016-09-22,Sikeston,0,Kelly,9
2016-09-22,Marshall,3,Kirksville,7
2016-09-22,Pattonville,6,Kirkwood,12
2016-09-22,Harrisburg,0,Knox County,10
2016-09-22,Fair Play,0,Lamar,8
2016-09-22,Newburg,12,Laquey,5
2016-09-22,Penney,0,Lathrop,5
2016-09-22,Mid-Buchanan,5,Lawson,8
2016-09-22,Rolla,7,Lebanon,5
2016-09-22,Lee's Summit,2,Lee's Summit West,15
2016-09-22,Hermitage,0,Leeton,14
2016-09-22,Knob Noster,2,Lexington,10
2016-09-22,Alton,2,Liberty (Mountain View),3
2016-09-22,Highland,6,Louisiana,5
2016-09-22,Festus,0,Lutheran South,3
2016-09-22,Chillicothe,1,Macon,10
2016-09-22,La Plata,12,Marion County,1
2016-09-22,Lindbergh,1,Marquette,9
2016-09-22,Benton,7,Maryville,8
2016-09-22,McCluer North,13,McCluer,2
2016-09-22,University City,1,McCluer South-Berkeley,19
2016-09-22,East Newton,1,McDonald County,5
2016-09-22,Mexico,14,Moberly,1
2016-09-22,Aurora,2,Monett,3
2016-09-22,East Carter,22,Neelyville,1
2016-09-22,Clinton,3,Nevada,6
2016-09-22,Gallatin,6,North Andrew,3
2016-09-22,Silex,3,North Callaway,13
2016-09-22,Seckman,5,Northwest (Cedar Hill),0
2016-09-22,Willow Springs,2,Norwood,3
2016-09-22,Ruskin,0,Oak Park,12
2016-09-22,Mehlville,4,Oakville,6
2016-09-22,Oak Grove,10,Odessa,0
2016-09-22,Savannah,11,O'Hara,0
2016-09-22,Iberia,2,Osage,5
2016-09-22,Nixa,1,Ozark,4
2016-09-22,St. Charles,0,Park Hill South,15
2016-09-22,Clayton,5,Parkway West,2
2016-09-22,Princeton,15,Pattonsburg,4
2016-09-22,Harrisonville,1,Pleasant Hill,11
2016-09-22,North County,19,Potosi,10
2016-09-22,Westminster Christian Academy,5,Principia,7
2016-09-22,Platte County,20,Raytown South,4
2016-09-22,Carthage,1,Republic,3
2016-09-22,Carrollton,0,Richmond,15
2016-09-22,Parkway North,2,Ritenour,7
2016-09-22,Hazelwood East,21,Riverview Gardens,6
2016-09-22,Calvary Lutheran,11,Russellville,2
2016-09-22,Lafayette (St. Joseph),16,Savannah,10
2016-09-22,Brookfield,4,Schuyler County,5
2016-09-22,Schuyler County,11,Scotland County,4
2016-09-22,Carl Junction,5,Seneca,7
2016-09-22,New Bloomfield,4,Slater,0
2016-09-22,Versailles,0,Southern Boone,10
2016-09-22,Orchard Farm,11,St. Charles,1
2016-09-22,Crocker,7,Van-Far,6
2016-09-22,Warrensburg,14,St. Pius X (Kansas City),4
2016-09-22,Trenton,3,Vienna,0
2016-09-22,Bourbon,3,Warsaw,14
2016-09-22,Mansfield,0,Westran,10
2016-09-22,Timberland,0,Troy Buchanan,10
2016-09-22,St. Joseph's Academy,2,Union,8
2016-09-22,Cor Jesu Academy,12,Ursuline Academy,1
2016-09-22,Notre Dame (St. Louis),6,Valley Park,3
2016-09-22,East Prairie,1,Van Buren,16
2016-09-22,Hermann,0,Van-Far,15
2016-09-22,Parkview,3,Walnut Grove,2
2016-09-22,Liberty (Wentzville),11,Washington,3
2016-09-22,Rockwood Summit,2,Webster Groves,4
2016-09-22,Bowling Green,9,Wellsville-Middletown,0
2016-09-22,Paris,0,Westran,24
2016-09-22,Staley,20,William Chrisman,0
2016-09-22,Pacific,10,Windsor (Imperial),7
2016-09-22,Warrenton,10,Winfield,0
2016-09-23,Bakersfield,7,Alton,4
2016-09-23,Nixa,15,Aurora,2
2016-09-23,Waynesville,8,Aurora,1
2016-09-23,Brentwood,1,Bayless,16
2016-09-23,Jefferson City,3,Blue Springs,2
2016-09-23,Battle,10,Bolivar,2
2016-09-23,Helias Catholic,1,Branson,2
2016-09-23,Eugene,5,Calvary Lutheran,4
2016-09-23,Eldon,0,Camdenton,8
2016-09-23,Liberty,10,Camdenton,0
2016-09-23,Smithville,1,Cameron,13
2016-09-23,Reeds Spring,7,Carl Junction,1
2016-09-23,Lee's Summit North,21,Carl Junction,1
2016-09-23,Republic,3,Cassville,5
2016-09-23,West Plains,3,Cassville,6
2016-09-23,Mehlville,2,Cor Jesu Academy,3
2016-09-23,Rolla,9,Crocker,7
2016-09-23,Oakville,2,DeSoto,3
2016-09-23,Summit Christian Academy,5,Dora,7
2016-09-23,Sherwood,6,El Dorado Springs,0
2016-09-23,Parkway West,0,Francis Howell,18
2016-09-23,Blair Oaks,8,Francis Howell,5
2016-09-23,Veritas Christian Academy,1,Ft. Zumwalt East,4
2016-09-23,Lafayette (Wildwood),1,Ft. Zumwalt West,15
2016-09-23,Doniphan,7,Gainesville,5
2016-09-23,St. Joseph's Academy,0,Hickman,10
2016-09-23,Lee's Summit West,5,Hickman,1
2016-09-23,Battle,23,Hillcrest,1
2016-09-23,Bolivar,4,Hillcrest,9
2016-09-23,Walnut Grove,0,Holt,18
2016-09-23,Richland,2,Iberia,12
2016-09-23,Fatima,17,Joplin,4
2016-09-23,Willard,10,Joplin,0
2016-09-23,Branson,2,Kickapoo,3
2016-09-23,Helias Catholic,6,Kickapoo,8
2016-09-23,Parkway West,1,Kirkwood,2
2016-09-23,Schuyler County,2,Knox County,3
2016-09-23,Linn County,3,La Plata,13
2016-09-23,Affton,10,Ladue Horton Watkins,3
2016-09-23,Pleasant Hope,7,Lamar,1
2016-09-23,Reeds Spring,0,Lee's Summit North,10
2016-09-23,St. Joseph's Academy,1,Lee's Summit West,20
2016-09-23,Eldon,0,Liberty,5
2016-09-23,Walnut Grove,0,Logan-Rogersville,13
2016-09-23,Holt,13,Logan-Rogersville,5
2016-09-23,Norwood,10,Marion C. Early,2
2016-09-23,Canton,15,Marion County,0
2016-09-23,Francis Howell North,1,Marquette,14
2016-09-23,Van Buren,18,Neelyville,1
2016-09-23,Principia,15,Nerinx Hall,0
2016-09-23,Belle,10,New Haven,2
2016-09-23,Atlanta,5,Northwestern (Mendon),15
2016-09-23,Duchesne,3,Notre Dame (St. Louis),6
2016-09-23,Grain Valley,4,Oak Grove,6
2016-09-23,McCluer North,10,Parkway North,16
2016-09-23,St. Dominic,2,Parkway South,5
2016-09-23,Troy Buchanan,15,Parkway South,6
2016-09-23,New Franklin,4,Pilot Grove,5
2016-09-23,St. Charles,2,Platte County,12
2016-09-23,Smithville,1,Pleasant Hope,8
2016-09-23,Jefferson (Festus),0,Potosi,19
2016-09-23,Salem,8,Potosi,2
2016-09-23,Lee's Summit,10,Raymore-Peculiar,9
2016-09-23,St. Teresa's Academy,6,Raytown,1
2016-09-23,Fox,4,Ritenour,7
2016-09-23,Ursuline Academy,18,Rosati-Kain,0
2016-09-23,Jefferson (Festus),1,Salem,10
2016-09-23,Lutheran South,1,Seckman,4
2016-09-23,Summit Christian Academy,0,Sherwood,8
2016-09-23,Blue Springs,12,Southern Boone,1
2016-09-23,Jefferson City,1,Southern Boone,0
2016-09-23,Macks Creek,3,Westran,5
2016-09-23,Meadville,14,Tri-County,0
2016-09-23,St. Dominic,1,Troy Buchanan,8
2016-09-23,Ft. Zumwalt North,1,Washington,5
2016-09-23,Nixa,13,Waynesville,0
2016-09-23,Dadeville,6,Weaubleau,3
2016-09-23,Republic,3,West Plains,8
2016-09-23,Central (Springfield),4,Wheatland,11
2016-09-23,Fatima,2,Willard,4
2016-09-24,Bakersfield,4,Alton,11
2016-09-24,Norwood,8,Alton,1
2016-09-24,Van Buren,18,Alton,6
2016-09-24,Bolivar,7,Aurora,9
2016-09-24,Republic,12,Aurora,2
2016-09-24,Carl Junction,13,Aurora,12
2016-09-24,Bakersfield,1,Ava,2
2016-09-24,Willow Springs,6,Ava,0
2016-09-24,Norwood,12,Ava,3
2016-09-24,Willow Springs,6,Bakersfield,1
2016-09-24,Versailles,6,Belle,16
2016-09-24,Pilot Grove,8,Belle,2
2016-09-24,Plattsburg,5,Benton,4
2016-09-24,Mid-Buchanan,3,Benton,4
2016-09-24,Troy Buchanan,3,Blair Oaks,0
2016-09-24,Lee's Summit West,8,Blue Springs,1
2016-09-24,Hickman,0,Blue Springs,3
2016-09-24,Blair Oaks,0,Blue Springs,7
2016-09-24,Walnut Grove,9,Bolivar,7
2016-09-24,Northeast (Cairo),12,Brashear,2
2016-09-24,Scotland County,9,Brashear,5
2016-09-24,Fatima,3,Camdenton,9
2016-09-24,Logan-Rogersville,4,Camdenton,17
2016-09-24,Branson,1,Camdenton,3
2016-09-24,Pleasant Hope,7,Cameron,0
2016-09-24,Sherwood,3,Cameron,0
2016-09-24,Smithville,1,Cameron,12
2016-09-24,South Shelby,2,Canton,11
2016-09-24,Joplin,16,Carl Junction,4
2016-09-24,Helias Catholic,13,Carl Junction,3
2016-09-24,Holt,4,Cassville,2
2016-09-24,Nixa,4,Cassville,3
2016-09-24,Kickapoo,5,Cassville,11
2016-09-24,Chaffee,4,Central (Cape Girardeau),2
2016-09-24,Naylor,6,Central (Cape Girardeau),2
2016-09-24,Mexico,0,Centralia,7
2016-09-24,Trenton,2,Centralia,5
2016-09-24,Macon,0,Centralia,11
2016-09-24,Notre Dame de Sion,4,Chillicothe,14
2016-09-24,Odessa,0,Chillicothe,12
2016-09-24,Lexington,1,Chillicothe,2
2016-09-24,Canton,9,Clark County,8
2016-09-24,South Shelby,0,Clark County,6
2016-09-24,Savannah,5,Clinton,7
2016-09-24,Warrensburg,4,Clinton,3
2016-09-24,Winfield,0,Clopton,9
2016-09-24,Ft. Zumwalt East,7,Clopton,5
2016-09-24,North Platte,5,DeKalb,0
2016-09-24,Versailles,0,Dixon,14
2016-09-24,Pilot Grove,1,Dixon,2
2016-09-24,Sherwood,5,Dora,1
2016-09-24,Pleasant Hope,12,Dora,0
2016-09-24,El Dorado Springs,2,Dora,6
2016-09-24,Cameron,9,Dora,3
2016-09-24,Mid-Buchanan,16,East Buchanan,1
2016-09-24,DeKalb,7,East Buchanan,5
2016-09-24,Lafayette (St. Joseph),6,East Buchanan,3
2016-09-24,Summit Christian Academy,6,El Dorado Springs,5
2016-09-24,Helias Catholic,7,Eldon,3
2016-09-24,Walnut Grove,6,Eldon,13
2016-09-24,Ft. Zumwalt East,10,Elsberry,1
2016-09-24,Winfield,7,Elsberry,12
2016-09-24,New Bloomfield,2,Eugene,1
2016-09-24,Van-Far,0,Eugene,16
2016-09-24,Central (Park Hills),6,Eureka,2
2016-09-24,Seckman,10,Eureka,2
2016-09-24,Farmington,7,Eureka,8
2016-09-24,Festus,9,Farmington,7
2016-09-24,Rockwood Summit,8,Farmington,2
2016-09-24,Rockwood Summit,1,Festus,4
2016-09-24,Seckman,17,Festus,4
2016-09-24,St. Joseph's Academy,0,Francis Howell,9
2016-09-24,Sikeston,7,Fredericktown,1
2016-09-24,Jefferson (Festus),10,Fredericktown,9
2016-09-24,Salem,8,Fredericktown,0
2016-09-24,Wright City,3,Fulton,9
2016-09-24,New Bloomfield,2,Fulton,0
2016-09-24,Slater,7,Fulton,4
2016-09-24,Excelsior Springs,2,Grandview,3
2016-09-24,Westran,1,Halfway,8
2016-09-24,Tuscumbia,0,Halfway,11
2016-09-24,Bowling Green,7,Hannibal,5
2016-09-24,Norborne,10,Hardin-Central,0
2016-09-24,Meadville,6,Hardin-Central,8
2016-09-24,Marshall,4,Hardin-Central,3
2016-09-24,North Shelby,10,Harrisburg,6
2016-09-24,La Plata,7,Harrisburg,3
2016-09-24,Montgomery County,17,Hermann,0
2016-09-24,Louisiana,15,Hermann,0
2016-09-24,Wellsville-Middletown,13,Hermann,2
2016-09-24,Weaubleau,10,Hermitage,9
2016-09-24,Parkway South,11,Hickman,10
2016-09-24,Troy Buchanan,4,Hickman,3
2016-09-24,Waynesville,8,Hillcrest,6
2016-09-24,Fatima,14,Hillcrest,0
2016-09-24,Logan-Rogersville,12,Hillcrest,2
2016-09-24,Osage,5,Holden,4
2016-09-24,Seneca,5,Holden,10
2016-09-24,Pilot Grove,2,Holden,6
2016-09-24,Battle,4,Holt,2
2016-09-24,Calvary Lutheran,9,Iberia,3
2016-09-24,Westminster Christian Academy,4,Iberia,5
2016-09-24,Linn,9,Iberia,0
2016-09-24,Notre Dame (Cape Girardeau),10,Jackson,4
2016-09-24,Naylor,6,Jackson,8
2016-09-24,Chaffee,6,Jackson,7
2016-09-24,Blair Oaks,1,Jefferson City,0
2016-09-24,Hickman,1,Jefferson City,3
2016-09-24,Eldon,6,Joplin,4
2016-09-24,Bolivar,13,Joplin,14
2016-09-24,Central (Cape Girardeau),7,Kelly,16
2016-09-24,Chaffee,0,Kelly,8
2016-09-24,Notre Dame (Cape Girardeau),7,Kelly,3
2016-09-24,Lee's Summit North,9,Kickapoo,0
2016-09-24,Willard,3,Kickapoo,2
2016-09-24,Parkway North,4,Kirkwood,9
2016-09-24,Scotland County,3,Knox County,5
2016-09-24,Northeast (Cairo),7,Knox County,8
2016-09-24,Milan,2,Knox County,8
2016-09-24,North Shelby,4,La Plata,8
2016-09-24,Timberland,16,Ladue Horton Watkins,1
2016-09-24,Northwest (Cedar Hill),15,Ladue Horton Watkins,0
2016-09-24,Parkway Central,16,Ladue Horton Watkins,3
2016-09-24,Mid-Buchanan,7,Lafayette (St. Joseph),10
2016-09-24,Plattsburg,3,Lafayette (St. Joseph),18
2016-09-24,North Platte,5,Lafayette (St. Joseph),3
2016-09-24,Lathrop,9,Lafayette County,0
2016-09-24,DeKalb,14,Lafayette County,4
2016-09-24,Smithville,0,Lamar,15
2016-09-24,Cameron,4,Lamar,3
2016-09-24,El Dorado Springs,1,Lamar,4
2016-09-24,Summit Christian Academy,5,Lamar,13
2016-09-24,Plattsburg,2,Lathrop,10
2016-09-24,North Platte,2,Lathrop,9
2016-09-24,North Kansas City,5,Lawson,9
2016-09-24,Grandview,4,Lawson,6
2016-09-24,Excelsior Springs,2,Lawson,6
2016-09-24,Nixa,4,Lee's Summit North,11
2016-09-24,Battle,3,Lee's Summit North,7
2016-09-24,Parkway Central,3,Lee's Summit West,7
2016-09-24,Troy Buchanan,6,Lee's Summit West,4
2016-09-24,Parkway South,3,Lee's Summit West,7
2016-09-24,Weaubleau,5,Leeton,4
2016-09-24,Notre Dame de Sion,1,Lexington,6
2016-09-24,Odessa,5,Lexington,4
2016-09-24,Battle,8,Liberty,3
2016-09-24,Willard,2,Liberty,3
2016-09-24,Nixa,6,Liberty,0
2016-09-24,Calvary Lutheran,3,Linn,4
2016-09-24,Westminster Christian Academy,2,Linn,4
2016-09-24,West Plains,8,Logan-Rogersville,3
2016-09-24,Montgomery County,8,Louisiana,7
2016-09-24,Silex,2,Louisiana,3
2016-09-24,Hallsville,5,Macon,4
2016-09-24,Milan,4,Marceline,3
2016-09-24,Novinger,3,Marceline,12
2016-09-24,Northeast (Cairo),0,Marceline,8
2016-09-24,New Bloomfield,15,Mark Twain,0
2016-09-24,Wright City,3,Mark Twain,1
2016-09-24,California,3,Mark Twain,9
2016-09-24,Polo,2,Marshall,0
2016-09-24,Northwestern (Mendon),2,Marshall,18
2016-09-24,Norborne,16,Meadville,0
2016-09-24,North Callaway,2,Mexico,5
2016-09-24,Monett,1,Mexico,11
2016-09-24,Palmyra,8,Monett,13
2016-09-24,Trenton,5,Monett,3
2016-09-24,Harrisburg,0,Monroe City,13
2016-09-24,North Shelby,2,Monroe City,8
2016-09-24,La Plata,0,Monroe City,10
2016-09-24,St. Joseph's Academy,6,Montgomery County,1
2016-09-24,Notre Dame (Cape Girardeau),10,Naylor,0
2016-09-24,O'Hara,1,Nevada,16
2016-09-24,Warrensburg,3,Nevada,1
2016-09-24,Savannah,9,Nevada,8
2016-09-24,Versailles,0,New Franklin,10
2016-09-24,Vienna,15,Newburg,4
2016-09-24,Russellville,10,Newburg,0
2016-09-24,Polo,2,Norborne,8
2016-09-24,Palmyra,7,North Callaway,9
2016-09-24,Hallsville,3,North Callaway,13
2016-09-24,Excelsior Springs,16,North Kansas City,0
2016-09-24,Grandview,6,North Kansas City,7
2016-09-24,Timberland,8,Northwest (Cedar Hill),7
2016-09-24,Webster Groves,1,Northwest (Cedar Hill),8
2016-09-24,Polo,12,Northwestern (Mendon),1
2016-09-24,Van Buren,6,Norwood,2
2016-09-24,Notre Dame de Sion,8,Odessa,14
2016-09-24,New Franklin,0,Osage,4
2016-09-24,Dixon,0,Osage,6
2016-09-24,Rockwood Summit,12,Park Hill,2
2016-09-24,Nerinx Hall,5,Parkway Central,15
2016-09-24,Webster Groves,5,Parkway Central,3
2016-09-24,Sherwood,3,Pleasant Hope,0
2016-09-24,Sikeston,17,Potosi,3
2016-09-24,Branson,8,Reeds Spring,5
2016-09-24,Waynesville,8,Reeds Spring,9
2016-09-24,Fatima,12,Reeds Spring,7
2016-09-24,Walnut Grove,2,Republic,9
2016-09-24,Helias Catholic,3,Republic,2
2016-09-24,Vienna,10,Richland,0
2016-09-24,Newburg,5,Richland,7
2016-09-24,Russellville,12,Richland,5
2016-09-24,Central (Park Hills),2,Rockwood Summit,13
2016-09-24,Vienna,14,Russellville,0
2016-09-24,Sikeston,0,Salem,14
2016-09-24,Mid-Buchanan,6,Savannah,2
2016-09-24,DeKalb,2,Savannah,5
2016-09-24,North Platte,5,Savannah,3
2016-09-24,Milan,3,Schuyler County,2
2016-09-24,Novinger,0,Schuyler County,15
2016-09-24,Scotland County,4,Schuyler County,5
2016-09-24,Central (Park Hills),2,Seckman,5
2016-09-24,Belle,0,Seneca,15
2016-09-24,New Franklin,4,Seneca,8
2016-09-24,Summit Christian Academy,12,Smithville,9
2016-09-24,Sherwood,12,Smithville,9
2016-09-24,Jefferson (Festus),5,Sikeston,8
2016-09-24,St. Joseph's Academy,10,Silex,0
2016-09-24,Marshall,11,Salem,1
2016-09-24,Polo,5,Salem,3
2016-09-24,Northwestern (Mendon),7,Salem,2
2016-09-24,St. Pius X (Kansas City),2,Savannah,12
2016-09-24,California,1,Slater,9
2016-09-24,Eugene,7,Slater,1
2016-09-24,Francis Howell,6,Southern Boone,1
2016-09-24,St. Dominic,4,Southern Boone,8
2016-09-24,Westran,3,St. Clair,6
2016-09-24,Halfway,4,St. Clair,6
2016-09-24,Tuscumbia,6,St. Clair,10
2016-09-24,St. Joseph's Academy,3,St. Dominic,10
2016-09-24,Wright City,3,Van-Far,2
2016-09-24,California,1,Van-Far,9
2016-09-24,Tuscumbia,3,Westran,13
2016-09-24,Washington,6,Timberland,3
2016-09-24,Hallsville,4,Trenton,14
2016-09-24,Willow Springs,1,Van Buren,10
2016-09-24,O'Hara,2,Warrensburg,17
2016-09-24,Nerinx Hall,1,Washington,11
2016-09-24,West Plains,11,Waynesville,1
2016-09-24,Washington,3,Webster Groves,2
2016-09-24,St. Joseph's Academy,11,Wellsville-Middletown,1
2016-09-24,Silex,9,Wellsville-Middletown,2
2016-09-24,Branson,5,West Plains,0
2016-09-24,Calvary Lutheran,6,Westminster Christian Academy,3
2016-09-24,Holt,3,Willard,0
2016-09-24,Liberty (Wentzville),3,Willard,0
2016-09-26,Van Buren,12,Alton,0
2016-09-26,Willow Springs,10,Ava,3
2016-09-26,Centralia,8,Battle,0
2016-09-26,Herculaneum,8,Bayless,18
2016-09-26,Raytown,0,Belton,7
2016-09-26,Mexico,15,Boonville,5
2016-09-26,St. Elizabeth,1,Braymer,13
2016-09-26,McCluer South-Berkeley,15,Brentwood,13
2016-09-26,Jamestown,6,California,11
2016-09-26,Richmond,2,Cameron,3
2016-09-26,Nixa,8,Cassville,2
2016-09-26,Lafayette (St. Joseph),13,Chillicothe,10
2016-09-26,Northeast (Cairo),17,Community,1
2016-09-26,Owensville,2,Cuba,5
2016-09-26,Notre Dame (Cape Girardeau),3,DeSoto,4
2016-09-26,Liberty (Mountain View),4,Doniphan,9
2016-09-26,Notre Dame (St. Louis),14,Duchesne,1
2016-09-26,Naylor,0,East Carter,1
2016-09-26,Humansville,2,El Dorado Springs,12
2016-09-26,Mehlville,5,Eureka,11
2016-09-26,Wheatland,3,Fair Play,7
2016-09-26,Ste. Genevieve,4,Farmington,8
2016-09-26,Linn,8,Father Tolton,7
2016-09-26,Eugene,3,Fatima,4
2016-09-26,Ruskin,0,Fort Osage,17
2016-09-26,Troy Buchanan,1,Francis Howell,7
2016-09-26,Ste. Genevieve,14,Fredericktown,10
2016-09-26,Ft. Zumwalt South,5,Ft. Zumwalt East,0
2016-09-26,Ft. Zumwalt West,10,Ft. Zumwalt North,0
2016-09-26,Troy Buchanan,5,Ft. Zumwalt West,3
2016-09-26,Moberly,10,Fulton,2
2016-09-26,East Buchanan,5,Gallatin,12
2016-09-26,Kearney,5,Grandview,2
2016-09-26,Bevier,0,Green City,10
2016-09-26,Marion C. Early,9,Halfway,5
2016-09-26,New Franklin,11,Hallsville,7
2016-09-26,St. Pius X (Festus),18,Hancock,3
2016-09-26,Liberty (Wentzville),6,Hazelwood West,3
2016-09-26,Walnut Grove,9,Hermitage,8
2016-09-26,Blair Oaks,8,Hickman,6
2016-09-26,Calvary Lutheran,20,Higbee,0
2016-09-26,Monroe City,1,Highland,3
2016-09-26,Windsor (Imperial),1,Hillsboro,11
2016-09-26,Central (Springfield),2,Hollister,9
2016-09-26,Timberland,3,Holt,4
2016-09-26,Van-Far,10,Iberia,9
2016-09-26,University City,13,Jennings,12
2016-09-26,Lebanon,5,Joplin,7
2016-09-26,Glendale,0,Kickapoo,14
2016-09-26,Nerinx Hall,5,Kirkwood,13
2016-09-26,South Shelby,18,La Plata,1
2016-09-26,Westran,4,Laquey,7
2016-09-26,North Harrison,0,Lathrop,7
2016-09-26,Blue Springs,6,Lee's Summit,2
2016-09-26,Park Hill,5,Lee's Summit North,20
2016-09-26,Raymore-Peculiar,2,Lee's Summit West,8
2016-09-26,Penney,0,Lexington,4
2016-09-26,Central (St. Joseph),2,Liberty,6
2016-09-26,Tri-County,2,Linn County,16
2016-09-26,Trinity Catholic,0,Lutheran St. Charles,10
2016-09-26,Weaubleau,14,Macks Creek,11
2016-09-26,Clark County,15,Macon,7
2016-09-26,Worth County,9,Madison,2
2016-09-26,Gainesville,11,Mansfield,15
2016-09-26,Van-Far,14,Marion County,3
2016-09-26,Lafayette (Wildwood),6,Marquette,7
2016-09-26,Mid-Buchanan,9,Maysville,2
2016-09-26,Hazelwood East,4,McCluer North,19
2016-09-26,Hazelwood Central,14,Metro,8
2016-09-26,Soldan International Studies,31,Miller Career Academy,1
2016-09-26,Central (Cape Girardeau),17,Neelyville,1
2016-09-26,Pleasant Hill,8,Nevada,1
2016-09-26,Warsaw,1,Newburg,8
2016-09-26,Schuyler County,0,Norborne,3
2016-09-26,Elsberry,5,North Callaway,12
2016-09-26,Central (Park Hills),14,North County,1
2016-09-26,William Chrisman,11,North Kansas City,2
2016-09-26,DeKalb,7,North Platte,3
2016-09-26,Holden,9,Notre Dame de Sion,4
2016-09-26,Lindbergh,1,Oakville,12
2016-09-26,Bolivar,1,Ozark,9
2016-09-26,Washington,4,Pacific,3
2016-09-26,Canton,6,Palmyra,11
2016-09-26,Grain Valley,3,Park Hill South,2
2016-09-26,Camdenton,13,Parkview,1
2016-09-26,Francis Howell Central,9,Parkway North,2
2016-09-26,Rockwood Summit,4,Pattonville,5
2016-09-26,Chaffee,5,Perryville,7
2016-09-26,Albany,4,Polo,0
2016-09-26,Central (Park Hills),10,Potosi,1
2016-09-26,Valley Park,5,Principia,6
2016-09-26,Brookfield,1,Putnam County,11
2016-09-26,Osage,14,Richland,4
2016-09-26,Parkway Central,11,Ritenour,2
2016-09-26,Roosevelt,4,Riverview Gardens,15
2016-09-26,Incarnate Word Academy,10,Rosati-Kain,1
2016-09-26,Slater,9,Russellville,1
2016-09-26,St. Clair,0,Salem,15
2016-09-26,Milan,3,Schuyler County,7
2016-09-26,Novinger,1,Scotland County,15
2016-09-26,Hartville,22,Smithville,4
2016-09-26,Lamar,0,Sherwood,9
2016-09-26,Winfield,11,Silex,1
2016-09-26,Fayette,4,Salem,0
2016-09-26,Jefferson City,16,Savannah,1
2016-09-26,St. Joseph's Academy,11,St. Dominic,5
2016-09-26,Hardin-Central,6,St. Pius X (Kansas City),7
2016-09-26,Oak Park,1,Staley,12
2016-09-26,Lutheran South,1,Webb City,7
2016-09-26,Marceline,6,Trenton,5
2016-09-26,Liberty North,11,St. Charles,8
2016-09-26,East Prairie,4,St. Clair,2
2016-09-26,St. James,1,Union,16
2016-09-26,Bishop DuBourg,6,Veritas Christian Academy,12
2016-09-26,Tuscumbia,1,Vienna,16
2016-09-26,Knob Noster,2,Warrensburg,6
2016-09-26,Bowling Green,3,Warrenton,6
2016-09-26,Versailles,1,Warsaw,11
2016-09-26,Rolla,6,Waynesville,7
2016-09-26,McDonald County,3,Webb City,1
2016-09-26,Hillcrest,0,West Plains,2
2016-09-26,Savannah,7,West Platte,1
2016-09-26,St. Joseph's Academy,17,Westminster Christian Academy,7
2016-09-26,Raytown South,2,Winnetonka,12
2016-09-26,Pattonsburg,20,Winston,4
2016-09-26,Northeast Nodaway,5,Worth County,9
2016-09-26,Hermann,8,Wright City,13
2016-09-27,Pacific,16,Affton,5
2016-09-27,Maysville,14,Albany,0
2016-09-27,East Newton,0,Aurora,10
2016-09-27,Laquey,2,Belle,12
2016-09-27,Lafayette (St. Joseph),5,Benton,4
2016-09-27,Madison,19,Bevier,11
2016-09-27,Lutheran St. Charles,2,Bishop DuBourg,4
2016-09-27,Southern Boone,4,Blair Oaks,11
2016-09-27,Lee's Summit West,6,Blue Springs,0
2016-09-27,Raymore-Peculiar,6,Blue Springs South,3
2016-09-27,Hollister,12,Bolivar,13
2016-09-27,Fulton,3,Boonville,16
2016-09-27,St. Clair,16,Bourbon,1
2016-09-27,Clopton,0,Bowling Green,10
2016-09-27,Webb City,11,Branson,3
2016-09-27,Marion County,1,Brashear,11
2016-09-27,Polo,5,Braymer,3
2016-09-27,Hancock,19,Brentwood,2
2016-09-27,Trenton,11,Brookfield,1
2016-09-27,Hermann,0,Calvary Lutheran,11
2016-09-27,Roosevelt,24,Carnahan,2
2016-09-27,Lexington,7,Carrollton,2
2016-09-27,St. Charles,3,Central (St. Joseph),4
2016-09-27,Warsaw,1,Clinton,5
2016-09-27,Richland,0,Cuba,16
2016-09-27,Jefferson (Festus),1,DeSoto,0
2016-09-27,Crocker,1,Dixon,12
2016-09-27,Naylor,7,Doniphan,0
2016-09-27,Penney,10,East Buchanan,16
2016-09-27,Central (Cape Girardeau),7,East Prairie,48
2016-09-27,Oak Grove,13,Excelsior Springs,3
2016-09-27,Central (Park Hills),3,Farmington,2
2016-09-27,Schuyler County,17,Fayette,4
2016-09-27,William Chrisman,4,Fort Osage,5
2016-09-27,Webster Groves,4,Fox,5
2016-09-27,Potosi,6,Fredericktown,1
2016-09-27,Washington,8,Ft. Zumwalt East,1
2016-09-27,Holt,18,Ft. Zumwalt North,2
2016-09-27,Francis Howell North,11,Ft. Zumwalt West,12
2016-09-27,Carnahan,10,Gateway,11
2016-09-27,Kirksville,1,Hannibal,8
2016-09-27,Paris,5,Harrisburg,15
2016-09-27,Grain Valley,15,Harrisonville,4
2016-09-27,Dora,8,Hartville,3
2016-09-27,McCluer North,19,Hazelwood Central,6
2016-09-27,South Shelby,3,Highland,5
2016-09-27,Ozark,9,Hillcrest,2
2016-09-27,Gainesville,3,Houston,13
2016-09-27,Fair Play,5,Humansville,10
2016-09-27,Van Buren,0,Jackson,1
2016-09-27,Eugene,16,Jamestown,0
2016-09-27,Valley Park,4,John F. Kennedy,10
2016-09-27,Poplar Bluff,13,Kelly,6
2016-09-27,Parkview,1,Kickapoo,3
2016-09-27,Lafayette County,5,Knob Noster,4
2016-09-27,Marceline,6,Knox County,9
2016-09-27,Kirkwood,2,Lafayette (Wildwood),5
2016-09-27,Seneca,7,Lamar,6
2016-09-27,West Plains,10,Lebanon,5
2016-09-27,Clayton,6,Liberty (Wentzville),9
2016-09-27,Park Hill South,2,Liberty North,12
2016-09-27,New Bloomfield,9,Linn,1
2016-09-27,Novinger,4,Linn County,16
2016-09-27,Marshfield,3,Logan-Rogersville,5
2016-09-27,Notre Dame (St. Louis),0,Lutheran South,9
2016-09-27,Halfway,14,Macks Creek,0
2016-09-27,Ava,5,Mansfield,10
2016-09-27,Pleasant Hope,20,Marion C. Early,8
2016-09-27,North Callaway,16,Mark Twain,0
2016-09-27,Ursuline Academy,13,Marquette,16
2016-09-27,Riverview Gardens,4,McCluer,14
2016-09-27,La Plata,13,Meadville,2
2016-09-27,McDonald County,9,Monett,10
2016-09-27,Louisiana,3,Monroe City,6
2016-09-27,Elsberry,0,Montgomery County,11
2016-09-27,Incarnate Word Academy,7,Nerinx Hall,1
2016-09-27,Owensville,12,New Haven,5
2016-09-27,Carl Junction,4,Nixa,14
2016-09-27,Central (Park Hills),14,North County,1
2016-09-27,Ste. Genevieve,3,North County,13
2016-09-27,Putnam County,5,North Harrison,0
2016-09-27,Lawson,7,North Platte,10
2016-09-27,Salem,0,Northeast (Cairo),10
2016-09-27,Bakersfield,0,Norwood,10
2016-09-27,California,1,Osage,14
2016-09-27,Lee's Summit,10,Park Hill,5
2016-09-27,Parkway West,4,Parkway North,8
2016-09-27,Oakville,2,Parkway South,1
2016-09-27,Princeton,22,Pattonsburg,1
2016-09-27,Lindbergh,8,Pattonville,6
2016-09-27,Tuscumbia,0,Pilot Grove,15
2016-09-27,Belton,5,Platte County,3
2016-09-27,Lathrop,13,Plattsburg,0
2016-09-27,Odessa,2,Pleasant Hill,5
2016-09-27,St. Pius X (Festus),13,Principia,3
2016-09-27,Liberty,7,Raytown,5
2016-09-27,North Kansas City,7,Raytown South,4
2016-09-27,Buffalo,4,Reeds Spring,14
2016-09-27,Holden,0,Richmond,9
2016-09-27,Ritenour,2,Rockwood Summit,10
2016-09-27,Eldon,4,Russellville,1
2016-09-27,Maryville,2,Savannah,10
2016-09-27,North Shelby,1,Scotland County,9
2016-09-27,Central (Springfield),5,Smithville,11
2016-09-27,East Carter,4,Sikeston,5
2016-09-27,Wellsville-Middletown,1,Silex,15
2016-09-27,Northwestern (Mendon),12,Southwest (Livingston County),0
2016-09-27,Cor Jesu Academy,8,St. Joseph's Academy,0
2016-09-27,Grandview,18,St. Pius X (Kansas City),0
2016-09-27,Lee's Summit North,2,St. Teresa's Academy,0
2016-09-27,Newburg,12,Westran,1
2016-09-27,O'Hara,11,Summit Christian Academy,21
2016-09-27,Francis Howell Central,14,Timberland,6
2016-09-27,Mercer,22,Tri-County,0
2016-09-27,Metro,17,Trinity Catholic,14
2016-09-27,St. Dominic,0,Troy Buchanan,8
2016-09-27,Francis Howell,1,Troy Buchanan,2
2016-09-27,Webb City,0,Union,5
2016-09-27,Orchard Farm,1,Warrenton,16
2016-09-27,Walnut Grove,6,Weaubleau,12
2016-09-27,Ladue Horton Watkins,2,Westminster Christian Academy,17
2016-09-27,Schuyler County,12,Westran,3
2016-09-27,Dadeville,2,Wheatland,0
2016-09-27,Republic,2,Willard,1
2016-09-27,Festus,17,Windsor (Imperial),4
2016-09-27,Kearney,17,Winnetonka,13
2016-09-27,St. Elizabeth,3,Worth County,6
2016-09-27,Van-Far,10,Wright City,7
2016-09-28,Bevier,26,Atlanta,11
2016-09-28,Warrenton,2,Battle,0
2016-09-28,St. Pius X (Festus),12,Bayless,6
2016-09-28,John F. Kennedy,7,Bishop DuBourg,2
2016-09-28,Lee's Summit,6,Blue Springs,8
2016-09-28,Lee's Summit West,13,Blue Springs South,1
2016-09-28,New Haven,17,Bourbon,0
2016-09-28,Clinton,10,Buffalo,3
2016-09-28,Joplin,0,Camdenton,14
2016-09-28,Nevada,8,Carl Junction,1
2016-09-28,Norborne,5,Carrollton,3
2016-09-28,Naylor,4,Chaffee,3
2016-09-28,Maryville,8,Chillicothe,6
2016-09-28,Westminster Christian Academy,0,Cor Jesu Academy,12
2016-09-28,Parkway South,1,DeSoto,2
2016-09-28,Helias Catholic,17,Father Tolton,6
2016-09-28,Jefferson (Festus),2,Festus,3
2016-09-28,Timberland,0,Francis Howell,10
2016-09-28,Ft. Zumwalt South,11,Francis Howell Central,6
2016-09-28,Liberty (Wentzville),4,Ft. Zumwalt East,2
2016-09-28,Parkway North,9,Ft. Zumwalt North,24
2016-09-28,University City,17,Gateway,19
2016-09-28,Affton,22,Hancock,9
2016-09-28,Valley Park,9,Herculaneum,8
2016-09-28,Lafayette (Wildwood),0,Hillsboro,15
2016-09-28,Notre Dame (Cape Girardeau),10,Jackson,7
2016-09-28,Principia,12,Jennings,5
2016-09-28,Belton,7,Kearney,0
2016-09-28,Parkway Central,5,Kirkwood,4
2016-09-28,Ursuline Academy,19,Ladue Horton Watkins,5
2016-09-28,Summit Christian Academy,0,Lathrop,15
2016-09-28,Smithville,4,Liberty North,12
2016-09-28,Fatima,13,Linn,3
2016-09-28,Macon,3,Louisiana,5
2016-09-28,Willow Springs,16,Mansfield,0
2016-09-28,Hazelwood East,12,McCluer South-Berkeley,18
2016-09-28,Kirksville,0,Mexico,9
2016-09-28,Westran,6,Moberly,2
2016-09-28,Houston,4,Newburg,15
2016-09-28,West Platte,6,North Andrew,11
2016-09-28,Plattsburg,9,North Kansas City,3
2016-09-28,New Franklin,9,Northeast (Cairo),8
2016-09-28,St. Joseph's Academy,6,Notre Dame (St. Louis),0
2016-09-28,Excelsior Springs,7,Notre Dame de Sion,5
2016-09-28,Raytown,5,Oak Park,9
2016-09-28,Washington,4,Pacific,3
2016-09-28,Troy Buchanan,2,Palmyra,4
2016-09-28,Pattonville,3,Parkway West,2
2016-09-28,Notre Dame (Cape Girardeau),22,Perryville,1
2016-09-28,Clark County,4,Putnam County,1
2016-09-28,Eureka,1,Rockwood Summit,6
2016-09-28,Duchesne,5,Rosati-Kain,12
2016-09-28,Marceline,7,Schuyler County,17
2016-09-28,Knox County,1,Schuyler County,16
2016-09-28,Hickman,3,Sherwood,6
2016-09-28,Owensville,0,Slater,10
2016-09-28,Jefferson City,4,Southern Boone,1
2016-09-28,Winfield,15,St. Charles,3
2016-09-28,Seckman,18,St. Joseph's Academy,0
2016-09-28,Mid-Buchanan,17,St. Pius X (Kansas City),4
2016-09-28,Platte County,0,Staley,11
2016-09-28,St. James,18,Warsaw,7
2016-09-28,Crocker,14,Westran,0
2016-09-28,Harrisburg,0,Worth County,12
2016-09-28,Hazelwood Central,25,Trinity Catholic,16
2016-09-28,Winnetonka,1,St. Charles,9
2016-09-29,Oakville,15,Affton,5
2016-09-29,Seneca,14,Aurora,1
2016-09-29,Liberty (Mountain View),1,Ava,0
2016-09-29,Gainesville,5,Bakersfield,9
2016-09-29,Winnetonka,0,Belton,6
2016-09-29,Incarnate Word Academy,11,Bishop DuBourg,1
2016-09-29,Jefferson City,5,Blair Oaks,10
2016-09-29,Camdenton,16,Bolivar,3
2016-09-29,North Callaway,2,Bowling Green,3
2016-09-29,Cleveland NJROTC,16,Brentwood,10
2016-09-29,Branson,10,Buffalo,2
2016-09-29,New Bloomfield,8,Calvary Lutheran,2
2016-09-29,Trenton,7,Cameron,3
2016-09-29,Scotland County,6,Canton,5
2016-09-29,Perryville,1,Central (Park Hills),11
2016-09-29,Palmyra,3,Centralia,5
2016-09-29,Central (Cape Girardeau),11,Chaffee,10
2016-09-29,Lafayette (St. Joseph),13,Chillicothe,10
2016-09-29,South Shelby,3,Clark County,13
2016-09-29,St. James,5,Crocker,15
2016-09-29,Hermitage,10,Dadeville,0
2016-09-29,Orchard Farm,8,Duchesne,9
2016-09-29,Monett,12,East Newton,3
2016-09-29,Doniphan,12,East Prairie,5
2016-09-29,Linn,0,Eugene,15
2016-09-29,Pleasant Hill,6,Excelsior Springs,2
2016-09-29,Russellville,3,Fatima,13
2016-09-29,Higbee,0,Fayette,15
2016-09-29,Lindbergh,2,Fox,4
2016-09-29,Schuyler County,16,Glasgow,0
2016-09-29,Mansfield,13,Glendale,3
2016-09-29,Oak Grove,5,Grain Valley,8
2016-09-29,Raytown South,1,Grandview,2
2016-09-29,Brashear,6,Green City,9
2016-09-29,Fair Play,5,Halfway,15
2016-09-29,California,2,Hallsville,13
2016-09-29,Metro,0,Hancock,10
2016-09-29,Braymer,10,Hardin-Central,13
2016-09-29,Southern Boone,15,Harrisburg,0
2016-09-29,Hazelwood East,13,Hazelwood Central,9
2016-09-29,McCluer,0,Hazelwood West,15
2016-09-29,Eldon,0,Helias Catholic,6
2016-09-29,Valley Park,9,Herculaneum,8
2016-09-29,Father Tolton,19,Hermann,3
2016-09-29,Carrollton,1,Holden,13
2016-09-29,Washington,3,Holt,6
2016-09-29,Macks Creek,4,Humansville,13
2016-09-29,Vienna,0,Iberia,4
2016-09-29,Seckman,13,Jackson,9
2016-09-29,Joplin,5,Kickapoo,7
2016-09-29,Boonville,12,Kirksville,8
2016-09-29,Richmond,4,Knob Noster,0
2016-09-29,Highland,1,Knox County,3
2016-09-29,Atlanta,5,La Plata,15
2016-09-29,Lexington,9,Lafayette County,2
2016-09-29,Cassville,11,Lamar,4
2016-09-29,Versailles,16,Laquey,1
2016-09-29,Plattsburg,7,Lawson,2
2016-09-29,Lee's Summit North,16,Lee's Summit,2
2016-09-29,St. Charles,0,Liberty,9
2016-09-29,Platte County,7,Liberty North,6
2016-09-29,Brookfield,2,Louisiana,12
2016-09-29,Marceline,3,Macon,2
2016-09-29,Monroe City,18,Marion County,0
2016-09-29,Community,18,Mark Twain,8
2016-09-29,Hillsboro,2,Marquette,4
2016-09-29,Worth County,2,Maysville,8
2016-09-29,Riverview Gardens,0,McCluer North,16
2016-09-29,Trinity Catholic,11,McCluer South-Berkeley,14
2016-09-29,Republic,7,McDonald County,2
2016-09-29,Northwestern (Mendon),16,Meadville,9
2016-09-29,Ursuline Academy,10,Mehlville,17
2016-09-29,Linn County,17,Mercer,5
2016-09-29,Fulton,1,Mexico,5
2016-09-29,East Buchanan,3,Mid-Buchanan,9
2016-09-29,Marshall,2,Moberly,1
2016-09-29,New Haven,2,Montgomery County,3
2016-09-29,Rosati-Kain,1,Nerinx Hall,8
2016-09-29,Hickman,15,New Franklin,1
2016-09-29,Richland,6,Newburg,7
2016-09-29,Southwest (Livingston County),0,Norborne,12
2016-09-29,Ruskin,2,North Kansas City,19
2016-09-29,Winston,5,Northeast Nodaway,20
2016-09-29,Liberty (Mountain View),0,Norwood,11
2016-09-29,Kelly,1,Notre Dame (Cape Girardeau),11
2016-09-29,O'Hara,4,Notre Dame de Sion,14
2016-09-29,Milan,10,Novinger,4
2016-09-29,Fort Osage,5,Oak Park,1
2016-09-29,Harrisonville,7,Odessa,12
2016-09-29,Blue Springs South,18,Park Hill,3
2016-09-29,Raytown,2,Park Hill South,6
2016-09-29,Smithville,2,Parkview,18
2016-09-29,Clayton,0,Parkway Central,16
2016-09-29,Pattonville,16,Parkway North,5
2016-09-29,St. Elizabeth,17,Pattonsburg,5
2016-09-29,North Platte,3,Penney,4
2016-09-29,Naylor,2,Poplar Bluff,12
2016-09-29,Lutheran South,21,Principia,6
2016-09-29,Blue Springs,10,Raymore-Peculiar,3
2016-09-29,Hillcrest,4,Reeds Spring,5
2016-09-29,Webb City,12,Rolla,2
2016-09-29,Union,10,Salem,0
2016-09-29,Smithville,11,Savannah,0
2016-09-29,Putnam County,9,Schuyler County,3
2016-09-29,Elsberry,8,Silex,9
2016-09-29,Cuba,9,St. Clair,10
2016-09-29,Osage,7,Van-Far,2
2016-09-29,William Chrisman,2,St. Teresa's Academy,13
2016-09-29,North Harrison,0,Vienna,13
2016-09-29,Paris,0,Worth County,15
2016-09-29,Ft. Zumwalt South,6,Troy Buchanan,7
2016-09-29,Westran,3,Tuscumbia,4
2016-09-29,Clopton,6,Van-Far,1
2016-09-29,St. Charles,2,Veritas Christian Academy,7
2016-09-29,Logan-Rogersville,13,Walnut Grove,1
2016-09-29,Sherwood,7,Warrensburg,5
2016-09-29,Francis Howell Central,0,Warrenton,15
2016-09-29,Savannah,5,Warsaw,13
2016-09-29,Wheatland,3,Weaubleau,4
2016-09-29,Ritenour,3,Webster Groves,10
2016-09-29,Lathrop,19,West Platte,1
2016-09-29,Pleasant Hope,1,Willard,2
2016-09-29,Houston,0,Willow Springs,6
2016-09-29,DeSoto,3,Windsor (Imperial),4
2016-09-29,Wellsville-Middletown,2,Wright City,3
2016-09-30,Doniphan,4,Alton,6
2016-09-30,John F. Kennedy,14,Bayless,2
2016-09-30,Willard,8,Belle,0
2016-09-30,Jefferson City,4,Belton,3
2016-09-30,Kearney,3,Blair Oaks,0
2016-09-30,Battle,13,Blue Springs South,14
2016-09-30,Crocker,1,Bolivar,17
2016-09-30,Carthage,8,Boonville,6
2016-09-30,Platte County,13,Boonville,3
2016-09-30,Waynesville,9,Buffalo,12
2016-09-30,Pacific,5,Buffalo,4
2016-09-30,Dixon,0,Camdenton,9
2016-09-30,Blair Oaks,8,Carl Junction,0
2016-09-30,McDonald County,7,Carthage,1
2016-09-30,McCluer South-Berkeley,0,Clayton,17
2016-09-30,Incarnate Word Academy,14,Crocker,2
2016-09-30,St. Clair,3,Dora,12
2016-09-30,Slater,0,Fatima,10
2016-09-30,Oakville,10,Fox,4
2016-09-30,Francis Howell Central,0,Francis Howell North,10
2016-09-30,Hartville,17,Gainesville,1
2016-09-30,Jennings,2,Hazelwood East,17
2016-09-30,Riverview Gardens,0,Hazelwood West,15
2016-09-30,Bevier,19,Higbee,9
2016-09-30,Festus,0,Hillsboro,10
2016-09-30,Troy Buchanan,4,Holt,2
2016-09-30,Webb City,4,Jefferson City,5
2016-09-30,Monett,5,Joplin,2
2016-09-30,Ozark,10,Joplin,0
2016-09-30,Bishop DuBourg,16,Ladue Horton Watkins,6
2016-09-30,Pilot Grove,6,Leeton,5
2016-09-30,Neelyville,5,Liberty (Mountain View),6
2016-09-30,Winfield,6,Liberty (Wentzville),7
2016-09-30,Parkway North,3,Lindbergh,10
2016-09-30,Wheatland,9,Macks Creek,5
2016-09-30,La Plata,5,Madison,6
2016-09-30,Webb City,9,Marshfield,0
2016-09-30,Smithville,12,Maryville,0
2016-09-30,Ritenour,6,McCluer North,2
2016-09-30,Platte County,0,McDonald County,6
2016-09-30,Oak Park,2,Monett,7
2016-09-30,Parkway West,10,Nerinx Hall,6
2016-09-30,Van-Far,0,New Bloomfield,9
2016-09-30,Glasgow,0,Northeast (Cairo),16
2016-09-30,Linn County,4,Northwestern (Mendon),16
2016-09-30,West Plains,6,Norwood,1
2016-09-30,Ozark,2,Oak Park,5
2016-09-30,Linn,11,Owensville,1
2016-09-30,Belle,3,Owensville,8
2016-09-30,Cor Jesu Academy,5,Pacific,6
2016-09-30,Monroe City,19,Paris,0
2016-09-30,Parkway South,24,Parkway Central,4
2016-09-30,Lee's Summit West,5,Raymore-Peculiar,1
2016-09-30,Bolivar,1,Rockwood Summit,7
2016-09-30,Incarnate Word Academy,0,Rockwood Summit,10
2016-09-30,Metro,18,Roosevelt,3
2016-09-30,Tuscumbia,2,Russellville,17
2016-09-30,Rolla,2,Salem,10
2016-09-30,Webb City,7,Salem,3
2016-09-30,Naylor,8,Sikeston,0
2016-09-30,Ste. Genevieve,21,St. Pius X (Festus),11
2016-09-30,Calvary Lutheran,17,Worth County,2
2016-09-30,Ft. Zumwalt North,3,Timberland,16
2016-09-30,McCluer,7,Trinity Catholic,8
2016-09-30,Jamestown,17,Versailles,10
2016-09-30,Richland,3,Vienna,11
2016-09-30,Cor Jesu Academy,5,Waynesville,1
2016-09-30,Kearney,11,Webb City,0
2016-09-30,Marquette,15,Webster Groves,4
2016-09-30,Linn,0,Willard,5
2016-10-01,Mercer,6,Albany,4
2016-10-01,Princeton,10,Albany,8
2016-10-01,West Plains,3,Aurora,2
2016-10-01,Hillcrest,4,Aurora,9
2016-10-01,Cassville,8,Aurora,6
2016-10-01,Branson,11,Aurora,3
2016-10-01,Waynesville,12,Belle,0
2016-10-01,Crocker,7,Belle,10
2016-10-01,Platte County,4,Belton,9
2016-10-01,Webb City,3,Belton,13
2016-10-01,Ozark,9,Belton,4
2016-10-01,Gallatin,2,Benton,8
2016-10-01,St. Teresa's Academy,8,Benton,3
2016-10-01,Joplin,8,Boonville,0
2016-10-01,Carl Junction,2,Boonville,13
2016-10-01,North Callaway,5,Bowling Green,1
2016-10-01,Silex,4,Bowling Green,12
2016-10-01,Clopton,4,Bowling Green,10
2016-10-01,Pattonsburg,0,Braymer,13
2016-10-01,Mercer,1,Braymer,16
2016-10-01,Princeton,3,Braymer,5
2016-10-01,Marion County,0,Brookfield,15
2016-10-01,South Shelby,17,Brookfield,0
2016-10-01,North Shelby,12,Brookfield,20
2016-10-01,Bolivar,7,Buffalo,8
2016-10-01,Owensville,2,Buffalo,4
2016-10-01,Blair Oaks,0,Carthage,1
2016-10-01,Oak Park,3,Carthage,1
2016-10-01,Webb City,4,Carthage,2
2016-10-01,Hillcrest,1,Cassville,7
2016-10-01,Branson,8,Cassville,0
2016-10-01,West Plains,3,Cassville,0
2016-10-01,St. Teresa's Academy,7,Central (St. Joseph),4
2016-10-01,Savannah,1,Central (St. Joseph),6
2016-10-01,Penney,4,Central (St. Joseph),5
2016-10-01,Lathrop,0,Central (St. Joseph),4
2016-10-01,Lutheran South,4,Chaffee,1
2016-10-01,Montgomery County,5,Clopton,9
2016-10-01,Van-Far,4,Clopton,5
2016-10-01,Mark Twain,7,Community,8
2016-10-01,Newburg,9,Cuba,7
2016-10-01,Willow Springs,5,Dora,4
2016-10-01,Liberty (Mountain View),5,Dora,9
2016-10-01,Windsor (Imperial),10,East Prairie,3
2016-10-01,Chaffee,6,East Prairie,4
2016-10-01,North Callaway,10,Elsberry,0
2016-10-01,Wright City,11,Elsberry,4
2016-10-01,Jackson,2,Farmington,8
2016-10-01,St. Clair,0,Farmington,10
2016-10-01,Poplar Bluff,11,Festus,3
2016-10-01,Notre Dame (Cape Girardeau),4,Festus,9
2016-10-01,St. Clair,2,Festus,12
2016-10-01,Washington,3,Francis Howell Central,1
2016-10-01,St. Dominic,8,Francis Howell Central,12
2016-10-01,Trinity Catholic,0,Francis Howell Central,19
2016-10-01,St. Teresa's Academy,9,Gallatin,8
2016-10-01,Marshall,12,Glasgow,0
2016-10-01,Jamestown,5,Glasgow,2
2016-10-01,Notre Dame de Sion,4,Grandview,7
2016-10-01,Lawson,3,Harrisonville,5
2016-10-01,Lafayette (St. Joseph),13,Harrisonville,3
2016-10-01,Benton,10,Harrisonville,2
2016-10-01,Savannah,11,Harrisonville,2
2016-10-01,St. Charles,14,Hazelwood Central,6
2016-10-01,Trinity Catholic,18,Hazelwood Central,14
2016-10-01,Wheatland,2,Hermitage,7
2016-10-01,California,1,Hickman,11
2016-10-01,New Franklin,19,Higbee,0
2016-10-01,West Plains,10,Hillcrest,0
2016-10-01,Branson,10,Hillcrest,2
2016-10-01,Wheatland,4,Humansville,2
2016-10-01,Macks Creek,6,Humansville,7
2016-10-01,St. Clair,6,Jackson,21
2016-10-01,Notre Dame (Cape Girardeau),7,Jackson,6
2016-10-01,Madison,5,Jamestown,0
2016-10-01,McDonald County,8,Jefferson City,7
2016-10-01,Monett,3,Jefferson City,4
2016-10-01,Nerinx Hall,1,John F. Kennedy,11
2016-10-01,Reeds Spring,2,Kickapoo,6
2016-10-01,Oak Grove,9,Knob Noster,0
2016-10-01,Warsaw,4,Knob Noster,3
2016-10-01,Summit Christian Academy,5,Knob Noster,9
2016-10-01,Madison,4,La Plata,9
2016-10-01,New Franklin,16,La Plata,6
2016-10-01,Lawson,2,Lafayette (St. Joseph),5
2016-10-01,St. Teresa's Academy,10,Lafayette (St. Joseph),5
2016-10-01,Lathrop,6,Lafayette (St. Joseph),11
2016-10-01,Sherwood,11,Lafayette County,1
2016-10-01,Summit Christian Academy,1,Lafayette County,10
2016-10-01,Oak Grove,15,Lafayette County,0
2016-10-01,Warsaw,8,Lafayette County,11
2016-10-01,Gallatin,3,Lawson,11
2016-10-01,Penney,6,Lawson,3
2016-10-01,Macks Creek,2,Leeton,10
2016-10-01,Wheatland,1,Leeton,8
2016-10-01,Weaubleau,5,Leeton,7
2016-10-01,Van Buren,12,Liberty (Mountain View),0
2016-10-01,Incarnate Word Academy,8,Linn,9
2016-10-01,Cor Jesu Academy,1,Linn,0
2016-10-01,Westran,7,Macon,15
2016-10-01,Marshall,12,Madison,2
2016-10-01,South Shelby,19,Marion County,0
2016-10-01,Oakville,5,Marquette,9
2016-10-01,New Franklin,4,Marshall,9
2016-10-01,Bolivar,11,Marshfield,1
2016-10-01,Rolla,4,Marshfield,6
2016-10-01,Owensville,7,Marshfield,8
2016-10-01,Lathrop,11,Maryville,1
2016-10-01,Gallatin,6,Maryville,7
2016-10-01,Penney,9,Maryville,5
2016-10-01,Kearney,1,McDonald County,10
2016-10-01,Pattonsburg,1,Mercer,13
2016-10-01,Oak Park,2,Monett,7
2016-10-01,Kearney,10,Monett,3
2016-10-01,Wright City,0,Montgomery County,7
2016-10-01,Van Buren,4,Naylor,5
2016-10-01,Willow Springs,4,Naylor,5
2016-10-01,Montgomery County,2,North Callaway,3
2016-10-01,Scotland County,10,North Shelby,0
2016-10-01,Westran,4,Northeast (Cairo),14
2016-10-01,Macon,12,Northeast (Cairo),4
2016-10-01,Warsaw,2,Oak Grove,7
2016-10-01,Sherwood,0,Oak Grove,3
2016-10-01,Platte County,0,Oak Park,9
2016-10-01,Webb City,7,Oak Park,4
2016-10-01,Blair Oaks,1,Ozark,4
2016-10-01,Webb City,5,Ozark,6
2016-10-01,North Shelby,10,Paris,5
2016-10-01,Marion County,8,Paris,14
2016-10-01,Scotland County,24,Paris,3
2016-10-01,St. Elizabeth,6,Pattonsburg,0
2016-10-01,Notre Dame (Cape Girardeau),5,Poplar Bluff,4
2016-10-01,St. Elizabeth,3,Princeton,10
2016-10-01,Notre Dame de Sion,4,Raytown South,12
2016-10-01,Grandview,10,Raytown South,2
2016-10-01,Webb City,7,Rockwood Summit,2
2016-10-01,Pacific,21,Rockwood Summit,16
2016-10-01,Waynesville,1,Rolla,6
2016-10-01,Crocker,6,Rolla,15
2016-10-01,Incarnate Word Academy,1,Salem,4
2016-10-01,Cor Jesu Academy,8,Salem,2
2016-10-01,Penney,1,Savannah,2
2016-10-01,South Shelby,3,Scotland County,0
2016-10-01,Summit Christian Academy,2,Sherwood,15
2016-10-01,Warsaw,3,Sherwood,12
2016-10-01,Neelyville,7,Sikeston,2
2016-10-01,Van-Far,5,Silex,1
2016-10-01,La Plata,14,Salem,1
2016-10-01,Higbee,0,Salem,15
2016-10-01,Jamestown,4,Salem,3
2016-10-01,Trinity Catholic,1,St. Charles,11
2016-10-01,Newburg,17,St. James,18
2016-10-01,Cuba,5,St. James,8
2016-10-01,Willard,9,Webb City,4
2016-10-01,Neelyville,12,St. Clair,5
2016-10-01,Notre Dame (Cape Girardeau),3,Van Buren,4
2016-10-01,Wright City,0,Van-Far,3
2016-10-01,St. Dominic,4,Washington,7
2016-10-01,Mark Twain,1,Wellsville-Middletown,5
2016-10-01,Community,6,Wellsville-Middletown,7
2016-10-01,Branson,5,West Plains,9
2016-10-01,Pacific,3,Willard,5
2016-10-01,Notre Dame (Cape Girardeau),5,Willow Springs,6
2016-10-01,Lutheran South,11,Windsor (Imperial),1
2016-10-03,Windsor (Imperial),10,Affton,5
2016-10-03,El Dorado Springs,4,Aurora,14
2016-10-03,Valley Park,17,Bayless,1
2016-10-03,Bolivar,1,Branson,8
2016-10-03,Milan,2,Brookfield,12
2016-10-03,New Bloomfield,9,California,0
2016-10-03,Jamestown,0,Calvary Lutheran,13
2016-10-03,Knox County,8,Canton,5
2016-10-03,East Prairie,2,Chaffee,10
2016-10-03,Trenton,5,Chillicothe,2
2016-10-03,Soldan International Studies,19,Cleveland NJROTC,9
2016-10-03,Holden,2,Clinton,0
2016-10-03,North Andrew,3,DeKalb,10
2016-10-03,Farmington,14,DeSoto,3
2016-10-03,Albany,5,East Buchanan,4
2016-10-03,Battle,6,Eldon,1
2016-10-03,Russellville,0,Eugene,15
2016-10-03,Leeton,10,Fair Play,0
2016-10-03,St. Clair,0,Festus,10
2016-10-03,Pattonville,0,Francis Howell North,8
2016-10-03,Smithville,3,Gainesville,13
2016-10-03,North Kansas City,0,Grandview,15
2016-10-03,Wheatland,2,Halfway,3
2016-10-03,Versailles,0,Hallsville,11
2016-10-03,Palmyra,5,Hannibal,4
2016-10-03,Oak Grove,9,Harrisonville,0
2016-10-03,Metro,30,Hazelwood East,10
2016-10-03,Ft. Zumwalt East,0,Hazelwood West,5
2016-10-03,Potosi,17,Herculaneum,0
2016-10-03,Silex,6,Hermann,2
2016-10-03,Lebanon,11,Hillcrest,8
2016-10-03,Parkview,15,Hollister,6
2016-10-03,Francis Howell Central,2,Holt,8
2016-10-03,Bakersfield,15,Houston,12
2016-10-03,Ritenour,4,Incarnate Word Academy,14
2016-10-03,Ste. Genevieve,0,Jefferson (Festus),10
2016-10-03,Brentwood,9,Jennings,24
2016-10-03,Waynesville,14,Joplin,15
2016-10-03,Jackson,4,Kelly,0
2016-10-03,Lindbergh,13,Kirkwood,15
2016-10-03,Savannah,0,Knob Noster,7
2016-10-03,Iberia,18,Laquey,0
2016-10-03,Lee's Summit West,0,Lee's Summit North,2
2016-10-03,Salem,12,Liberty (Mountain View),1
2016-10-03,Montgomery County,1,Louisiana,11
2016-10-03,Westminster Christian Academy,1,Lutheran South,12
2016-10-03,Fayette,13,Madison,5
2016-10-03,Hartville,10,Mansfield,0
2016-10-03,Weaubleau,16,Marion C. Early,9
2016-10-03,Willard,11,Marshfield,0
2016-10-03,Green City,7,Mercer,0
2016-10-03,Notre Dame de Sion,4,Mid-Buchanan,10
2016-10-03,Reeds Spring,1,Monett,16
2016-10-03,Westran,0,Monroe City,11
2016-10-03,Mehlville,7,Nerinx Hall,2
2016-10-03,Linn,13,New Haven,0
2016-10-03,Cuba,7,Newburg,11
2016-10-03,Crocker,12,Newburg,11
2016-10-03,Lexington,11,Norborne,7
2016-10-03,Maryville,9,North Platte,8
2016-10-03,Atlanta,1,Northeast (Cairo),11
2016-10-03,Fox,0,Northwest (Cedar Hill),5
2016-10-03,Eureka,2,Oakville,4
2016-10-03,Principia,1,Orchard Farm,17
2016-10-03,Fatima,12,Owensville,1
2016-10-03,Park Hill,1,Park Hill South,13
2016-10-03,Lafayette (Wildwood),6,Parkway South,10
2016-10-03,Cameron,5,Penney,1
2016-10-03,Maysville,3,Plattsburg,6
2016-10-03,Jefferson City,5,Pleasant Hope,4
2016-10-03,West Plains,0,Poplar Bluff,9
2016-10-03,Worth County,2,Princeton,8
2016-10-03,Staley,7,Raytown,0
2016-10-03,Logan-Rogersville,1,Republic,9
2016-10-03,Westran,1,Richland,13
2016-10-03,Camdenton,16,Rolla,0
2016-10-03,Worth County,2,Schuyler County,6
2016-10-03,Schuyler County,1,Scotland County,0
2016-10-03,Pilot Grove,18,Salem,1
2016-10-03,Pleasant Hill,4,Smithville,3
2016-10-03,Father Tolton,2,Slater,5
2016-10-03,Bishop DuBourg,6,St. Pius X (Festus),4
2016-10-03,Lawson,14,St. Pius X (Kansas City),0
2016-10-03,Van-Far,16,Tuscumbia,6
2016-10-03,Van Buren,14,St. Clair,5
2016-10-03,Clopton,18,Veritas Christian Academy,4
2016-10-03,Macks Creek,1,Walnut Grove,11
2016-10-03,Odessa,1,Warrensburg,7
2016-10-03,Blair Oaks,15,Warsaw,2
2016-10-03,Union,4,Washington,0
2016-10-03,Community,13,Wellsville-Middletown,1
2016-10-03,Elsberry,11,Winfield,15
2016-10-03,North Harrison,18,Winston,1
2016-10-04,Hollister,1,Carthage,15
2016-10-04,Nerinx Hall,0,Cor Jesu Academy,11
2016-10-04,Warsaw,0,Eldon,2
2016-10-04,Glasgow,3,Fayette,13
2016-10-04,Humansville,5,Halfway,2
2016-10-04,St. Clair,7,Hermann,17
2016-10-04,St. James,18,Hermann,3
2016-10-04,Fair Play,0,Marion C. Early,16
2016-10-04,Paris,8,Marion County,10
2016-10-04,Jennings,5,Metro,17
2016-10-04,Dixon,13,Newburg,2
2016-10-04,Lee's Summit North,19,Park Hill,0
2016-10-04,Ava,1,Parkview,6
2016-10-04,Affton,12,Parkway North,6
2016-10-04,Hazelwood West,4,Ritenour,2
2016-10-04,St. James,22,St. Clair,8
2016-10-04,Iberia,1,Waynesville,11
2016-10-05,Van Buren,12,Bakersfield,1
2016-10-05,Chaffee,2,Naylor,0
2016-10-05,Bakersfield,6,Neelyville,3
2016-10-05,Newburg,7,Westran,9
2016-10-05,Crocker,11,Laquey,1
2016-10-05,Fair Play,5,Dadeville,1
2016-10-05,Humansville,9,Macks Creek,8
2016-10-05,Jamestown,8,Tuscumbia,7
2016-10-05,Silex,4,Community,1
2016-10-05,New Haven,16,Wellsville-Middletown,9
2016-10-05,Harrisburg,7,Paris,6
2016-10-05,Madison,18,Higbee,1
2016-10-05,North Shelby,8,Atlanta,9
2016-10-05,Bevier,15,Marion County,3
2016-10-05,Scotland County,11,Novinger,0
2016-10-05,Schuyler County,10,Brashear,0
2016-10-05,Meadville,17,Tri-County,2
2016-10-05,Polo,13,Southwest (Livingston County),3
2016-10-05,Pattonsburg,3,West Platte,6
2016-10-05,Princeton,8,Mercer,1
2016-10-05,Hartville,11,Gainesville,2
2016-10-05,Mansfield,16,Smithville,1
2016-10-05,St. Clair,11,East Prairie,4
2016-10-05,Carnahan,21,Cleveland NJROTC,11
2016-10-05,Metro,22,Brentwood,1
2016-10-05,Lutheran St. Charles,10,Duchesne,7
2016-10-05,Wright City,15,Trinity Catholic,0
2016-10-05,Clark County,2,Palmyra,5
2016-10-05,Louisiana,12,Mark Twain,2
2016-10-05,Father Tolton,9,Hallsville,15
2016-10-05,North Callaway,10,Westran,0
2016-10-05,Belle,12,Hermann,2
2016-10-05,Russellville,12,California,9
2016-10-05,Eugene,12,Versailles,0
2016-10-05,Richland,14,Warsaw,4
2016-10-05,Cuba,19,Bourbon,0
2016-10-05,Lamar,3,Warsaw,13
2016-10-05,Knob Noster,12,Summit Christian Academy,3
2016-10-05,Lafayette County,16,O'Hara,0
2016-10-05,North Platte,1,Mid-Buchanan,4
2016-10-05,Lawson,8,East Buchanan,5
2016-10-05,Penney,11,St. Elizabeth,1
2016-10-05,Putnam County,10,Milan,0
2016-10-05,Marceline,8,Brookfield,2
2016-10-05,Perryville,2,Ste. Genevieve,4
2016-10-05,Central (Cape Girardeau),9,Fredericktown,4
2016-10-05,Farmington,12,North County,1
2016-10-05,DeSoto,11,Potosi,1
2016-10-05,Windsor (Imperial),14,Bayless,0
2016-10-05,Notre Dame (St. Louis),3,Bishop DuBourg,5
2016-10-05,Affton,16,Westminster Christian Academy,6
2016-10-05,Pacific,10,St. Clair,2
2016-10-05,Gateway,19,Miller Career Academy,18
2016-10-05,Incarnate Word Academy,25,Jennings,0
2016-10-05,McCluer South-Berkeley,0,Clayton,11
2016-10-05,University City,7,Jennings,29
2016-10-05,Veritas Christian Academy,15,Riverview Gardens,0
2016-10-05,Fulton,9,Winfield,4
2016-10-05,Salem,11,Owensville,8
2016-10-05,Webb City,10,St. James,0
2016-10-05,Bolivar,8,Buffalo,18
2016-10-05,Hillcrest,2,Hollister,1
2016-10-05,Aurora,3,Nevada,1
2016-10-05,East Newton,7,Carl Junction,9
2016-10-05,Boonville,15,Marshall,18
2016-10-05,Kirksville,0,Chillicothe,5
2016-10-05,Marshall,7,Moberly,2
2016-10-05,Clinton,5,Odessa,4
2016-10-05,Warrensburg,10,Harrisonville,5
2016-10-05,Excelsior Springs,5,Notre Dame de Sion,7
2016-10-05,Richmond,11,St. Pius X (Kansas City),1
2016-10-05,Savannah,5,Maryville,0
2016-10-05,Jackson,5,Fox,6
2016-10-05,Webster Groves,1,Ursuline Academy,11
2016-10-05,Mehlville,15,Nerinx Hall,0
2016-10-05,Parkway South,11,St. Joseph's Academy,0
2016-10-05,Kirkwood,4,Parkway West,0
2016-10-05,Northwest (Cedar Hill),11,Rolla,0
2016-10-05,Ritenour,9,Parkway North,12
2016-10-05,Pattonville,15,Ladue Horton Watkins,0
2016-10-05,McCluer,18,Hazelwood East,17
2016-10-05,Ft. Zumwalt East,0,Ft. Zumwalt South,7
2016-10-05,Francis Howell Central,14,Ft. Zumwalt North,4
2016-10-05,Liberty (Wentzville),3,Timberland,1
2016-10-05,Jefferson City,2,Hickman,4
2016-10-05,Lebanon,15,Central (Springfield),0
2016-10-05,Branson,11,Parkview,0
2016-10-05,Nixa,10,Glendale,0
2016-10-05,Webb City,9,Joplin,0
2016-10-05,Lee's Summit,4,Grandview,2
2016-10-05,Raymore-Peculiar,16,Ruskin,0
2016-10-05,St. Charles,7,Raytown,6
2016-10-05,St. Teresa's Academy,12,Raytown South,4
2016-10-05,Winnetonka,1,Fort Osage,2
2016-10-05,Liberty,10,William Chrisman,0
2016-10-05,Oak Park,9,Park Hill,6
2016-10-05,Central (St. Joseph),13,North Kansas City,3
2016-10-06,Van Buren,6,Chaffee,5
2016-10-06,Norwood,11,Westran,1
2016-10-06,Dora,3,Crocker,7
2016-10-06,Marion C. Early,12,Fair Play,1
2016-10-06,Walnut Grove,6,Halfway,1
2016-10-06,Vienna,13,Jamestown,2
2016-10-06,Calvary Lutheran,5,Van-Far,6
2016-10-06,Pilot Grove,4,Fayette,0
2016-10-06,New Franklin,14,Leeton,4
2016-10-06,Clopton,12,Silex,0
2016-10-06,Van-Far,15,New Haven,0
2016-10-06,Northeast (Cairo),16,Harrisburg,1
2016-10-06,Worth County,9,Madison,3
2016-10-06,La Plata,12,Atlanta,2
2016-10-06,Maysville,11,West Platte,1
2016-10-06,Worth County,4,Albany,1
2016-10-06,Houston,7,Hartville,9
2016-10-06,Ava,12,Mansfield,9
2016-10-06,East Carter,7,Alton,1
2016-10-06,Willow Springs,10,Doniphan,0
2016-10-06,Liberty (Mountain View),1,Alton,3
2016-10-06,Kelly,9,St. Clair,3
2016-10-06,St. Pius X (Festus),17,Carnahan,0
2016-10-06,Hancock,5,Herculaneum,8
2016-10-06,John F. Kennedy,18,Metro,8
2016-10-06,Principia,2,Valley Park,18
2016-10-06,Bowling Green,10,Lutheran St. Charles,0
2016-10-06,Elsberry,5,Wright City,11
2016-10-06,Centralia,10,Hallsville,0
2016-10-06,Montgomery County,2,North Callaway,9
2016-10-06,Fatima,2,Belle,0
2016-10-06,Slater,0,Linn,6
2016-10-06,Blair Oaks,15,Russellville,0
2016-10-06,New Bloomfield,1,Eugene,0
2016-10-06,Dixon,6,Richland,0
2016-10-06,Iberia,10,Cuba,12
2016-10-06,Lathrop,2,Mid-Buchanan,1
2016-10-06,Trenton,7,Penney,0
2016-10-06,Lexington,15,Carrollton,0
2016-10-06,Notre Dame (Cape Girardeau),10,Ste. Genevieve,0
2016-10-06,Sikeston,10,Central (Cape Girardeau),7
2016-10-06,Hillsboro,5,Farmington,7
2016-10-06,Central (Park Hills),2,DeSoto,7
2016-10-06,Lutheran South,6,Windsor (Imperial),11
2016-10-06,Festus,10,Bishop DuBourg,0
2016-10-06,Union,5,Affton,0
2016-10-06,St. Joseph's Academy,0,Pacific,3
2016-10-06,Soldan International Studies,14,Gateway,4
2016-10-06,Rosati-Kain,17,Roosevelt,0
2016-10-06,Incarnate Word Academy,10,Clayton,2
2016-10-06,St. Dominic,14,St. Charles,0
2016-10-06,Orchard Farm,10,Veritas Christian Academy,0
2016-10-06,Warrenton,10,Fulton,2
2016-10-06,Mexico,6,Hannibal,7
2016-10-06,Helias Catholic,3,Salem,0
2016-10-06,Southern Boone,0,Webb City,3
2016-10-06,Osage,12,Buffalo,2
2016-10-06,Eldon,10,Marshfield,2
2016-10-06,West Plains,10,Hillcrest,3
2016-10-06,Logan-Rogersville,7,Reeds Spring,3
2016-10-06,Monett,4,Aurora,3
2016-10-06,Cassville,11,Carl Junction,0
2016-10-06,Chillicothe,5,Marshall,4
2016-10-06,Smithville,6,Notre Dame de Sion,0
2016-10-06,Lafayette (St. Joseph),1,Savannah,0
2016-10-06,Cameron,1,Benton,4
2016-10-06,Seckman,12,Fox,0
2016-10-06,Oakville,3,Poplar Bluff,2
2016-10-06,Cor Jesu Academy,6,Ursuline Academy,1
2016-10-06,Lindbergh,1,Mehlville,12
2016-10-06,Marquette,4,Parkway South,0
2016-10-06,Rockwood Summit,9,Kirkwood,7
2016-10-06,Eureka,3,Northwest (Cedar Hill),8
2016-10-06,Washington,9,Lafayette (Wildwood),4
2016-10-06,Francis Howell North,8,Parkway North,6
2016-10-06,Parkway Central,12,Pattonville,0
2016-10-06,Hazelwood West,15,McCluer,0
2016-10-06,McCluer North,14,Hazelwood Central,12
2016-10-06,Francis Howell,10,Ft. Zumwalt South,0
2016-10-06,Ft. Zumwalt West,10,Francis Howell Central,7
2016-10-06,Troy Buchanan,5,Liberty (Wentzville),0
2016-10-06,Holt,6,Battle,2
2016-10-06,Camdenton,11,Lebanon,1
2016-10-06,Willard,4,Waynesville,1
2016-10-06,McDonald County,4,Webb City,1
2016-10-06,Kearney,13,Fort Osage,0
2016-10-07,Norwood,12,Crocker,2
2016-10-07,Weaubleau,5,Humansville,3
2016-10-07,Hermitage,7,Wheatland,6
2016-10-07,Vienna,6,Van-Far,2
2016-10-07,Pilot Grove,5,New Franklin,7
2016-10-07,Clopton,5,Van-Far,0
2016-10-07,Northeast (Cairo),6,Worth County,2
2016-10-07,La Plata,11,Bevier,1
2016-10-07,Green City,15,Meadville,0
2016-10-07,North Harrison,9,Princeton,0
2016-10-07,Ava,5,Hartville,8
2016-10-07,East Carter,0,Willow Springs,6
2016-10-07,St. Pius X (Festus),8,Herculaneum,3
2016-10-07,John F. Kennedy,13,Valley Park,3
2016-10-07,Bowling Green,12,Wright City,0
2016-10-07,Highland,0,Palmyra,1
2016-10-07,Monroe City,3,Louisiana,2
2016-10-07,Fatima,8,Linn,1
2016-10-07,Dixon,4,Cuba,5
2016-10-07,Plattsburg,6,Lawson,5
2016-10-07,Macon,3,Putnam County,5
2016-10-07,South Shelby,4,Marceline,5
2016-10-07,Notre Dame (Cape Girardeau),13,Sikeston,1
2016-10-07,DeSoto,11,Farmington,10
2016-10-07,Festus,7,Windsor (Imperial),6
2016-10-07,Union,5,Pacific,2
2016-10-07,Soldan International Studies,0,Rosati-Kain,21
2016-10-07,St. Dominic,4,Orchard Farm,3
2016-10-07,Warrenton,12,Hannibal,2
2016-10-07,Helias Catholic,5,Webb City,7
2016-10-07,Osage,2,Eldon,8
2016-10-07,Monett,6,Cassville,5
2016-10-07,Platte County,7,Richmond,3
2016-10-07,Cor Jesu Academy,4,Mehlville,2
2016-10-07,Marquette,6,Rockwood Summit,1
2016-10-07,Washington,4,Northwest (Cedar Hill),3
2016-10-07,Francis Howell North,9,Parkway Central,1
2016-10-07,Hazelwood West,10,McCluer North,1
2016-10-07,Francis Howell,12,Ft. Zumwalt West,3
2016-10-07,Troy Buchanan,4,Holt,3
2016-10-07,Blue Springs South,12,Hickman,2
2016-10-07,Camdenton,8,Willard,2
2016-10-07,Ozark,8,Branson,0
2016-10-07,Kickapoo,10,Nixa,16
2016-10-07,Republic,0,McDonald County,1
2016-10-07,Lee's Summit West,5,Lee's Summit,1
2016-10-07,Belton,10,Raymore-Peculiar,4
2016-10-07,Blue Springs,3,Lee's Summit North,1
2016-10-07,Blue Springs,8,St. Charles,2
2016-10-07,Lee's Summit North,10,St. Teresa's Academy,2
2016-10-07,Liberty North,11,Liberty,1
2016-10-07,Staley,14,Oak Park,3
2016-10-07,Park Hill South,4,Central (St. Joseph),6
2016-10-08,Marion C. Early,3,Walnut Grove,6
2016-10-08,Weaubleau,3,Hermitage,11
2016-10-08,Knox County,2,Scotland County,0
2016-10-08,Canton,1,Scotland County,2
2016-10-08,Knox County,2,Schuyler County,1
2016-10-08,Gallatin,5,Green City,1
2016-10-08,Norborne,12,Braymer,6
2016-10-08,Hardin-Central,3,Polo,2
2016-10-08,North Harrison,5,Worth County,2
2016-10-08,Kelly,0,Jefferson (Festus),2
2016-10-08,Monroe City,3,Palmyra,2
2016-10-08,Centralia,8,North Callaway,1
2016-10-08,Blair Oaks,2,New Bloomfield,1
2016-10-08,Pleasant Hope,1,Warsaw,0
2016-10-08,El Dorado Springs,0,Seneca,4
2016-10-08,Sherwood,13,Holden,3
2016-10-08,Sherwood,3,Knob Noster,1
2016-10-08,Holden,7,Lafayette County,6
2016-10-08,Lathrop,4,Plattsburg,0
2016-10-08,Trenton,3,Lexington,0
2016-10-08,Marceline,3,Putnam County,0
2016-10-08,West Plains,7,Logan-Rogersville,5
2016-10-08,Oak Grove,11,Warrensburg,1
2016-10-08,Oak Grove,10,Clinton,0
2016-10-08,Pleasant Hill,1,Warrensburg,4
2016-10-08,Smithville,8,Platte County,3
2016-10-08,Lafayette (St. Joseph),7,Benton,5
2016-10-08,Seckman,3,Oakville,0
2016-10-08,Ozark,8,Nixa,4
2016-10-08,Lee's Summit West,2,Belton,1
2016-10-08,Kearney,2,Liberty North,7
2016-10-08,Staley,5,Central (St. Joseph),1
2016-10-10,Norborne,10,Hardin-Central,5
2016-10-10,Maysville,8,DeKalb,7
2016-10-10,Pleasant Hope,3,Seneca,2
2016-10-12,La Plata,3,Schuyler County,13
2016-10-12,Gallatin,2,Knox County,12
2016-10-12,New Franklin,2,Vienna,7
2016-10-12,Northeast (Cairo),0,Clopton,7
2016-10-12,Maysville,5,Norborne,15
2016-10-12,St. Pius X (Festus),0,Jefferson (Festus),4
2016-10-12,Blair Oaks,4,Fatima,0
2016-10-12,Bowling Green,22,John F. Kennedy,0
2016-10-12,Centralia,12,Monroe City,2
2016-10-12,Lathrop,5,Sherwood,0
2016-10-12,Marceline,1,Trenton,2
2016-10-12,DeSoto,1,Notre Dame (Cape Girardeau),5
2016-10-12,Union,9,Festus,1
2016-10-12,Eldon,1,Webb City,6
2016-10-12,Warrenton,13,St. Dominic,3
2016-10-12,Oak Grove,10,Chillicothe,0
2016-10-12,Lafayette (St. Joseph),4,Smithville,6
2016-10-12,Cor Jesu Academy,2,Seckman,3
2016-10-12,Washington,2,Marquette,1
2016-10-12,Hazelwood West,1,Francis Howell North,2
2016-10-12,Troy Buchanan,7,Francis Howell,0
2016-10-12,Staley,7,Liberty North,8
2016-10-13,Norwood,0,Van Buren,11
2016-10-13,Hermitage,11,Walnut Grove,8
2016-10-13,Willow Springs,19,Hartville,1
2016-10-13,Pleasant Hope,7,Cuba,1
2016-10-13,Monett,4,West Plains,6
2016-10-13,Incarnate Word Academy,15,Rosati-Kain,0
2016-10-13,Camdenton,3,Blue Springs South,7
2016-10-13,McDonald County,2,Ozark,5
2016-10-13,Blue Springs,3,Lee's Summit West,4
2016-10-15,Hermitage,0,Van Buren,4
2016-10-15,Knox County,0,Schuyler County,1
2016-10-15,Clopton,11,Vienna,1
2016-10-15,Jefferson (Festus),1,Willow Springs,0
2016-10-15,Pleasant Hope,0,Blair Oaks,1
2016-10-15,Centralia,1,Bowling Green,0
2016-10-15,Trenton,3,Lathrop,4
2016-10-15,Union,2,Notre Dame (Cape Girardeau),7
2016-10-15,West Plains,5,Webb City,8
2016-10-15,Warrenton,15,Incarnate Word Academy,0
2016-10-15,Smithville,3,Oak Grove,2
2016-10-15,Washington,4,Seckman,3
2016-10-15,Ozark,1,Blue Springs South,5
2016-10-15,Troy Buchanan,15,Francis Howell North,0
2016-10-15,Liberty North,1,Lee's Summit West,15
2016-10-21,Schuyler County,2,Van Buren,3
2016-10-21,Lathrop,0,Jefferson (Festus),1
2016-10-21,Blair Oaks,1,Jefferson (Festus),0
2016-10-21,Lathrop,2,Centralia,4
2016-10-21,Smithville,1,Notre Dame (Cape Girardeau),4
2016-10-21,Webb City,6,Notre Dame (Cape Girardeau),5
2016-10-21,Smithville,0,Warrenton,4
2016-10-21,Lee's Summit West,2,Washington,0
2016-10-21,Blue Springs South,10,Washington,3
2016-10-21,Lee's Summit West,0,Troy Buchanan,1
2016-10-22,Clopton,4,Van Buren,11
2016-10-22,Centralia,3,Blair Oaks,2
2016-10-22,Warrenton,3,Webb City,0
2016-10-22,Troy Buchanan,4,Blue Springs South,3
